src,dst,weight
後藤 昭二,篠原 隆,6
柳田 藤寿,高柳 勉,6
柳田 藤寿,篠原 隆,5
五味 勝也,熊谷 知栄子,4
三上 重明,周 延,4
伊藤 俊彦,岩野 君夫,4
加藤 富民雄,小金丸 和義,4
周 延,福田 央,4
北本 勝ひこ,熊谷 知栄子,4
中里 厚実,門倉 利守,4
五味 勝也,北本 勝ひこ,4
加藤 富民雄,神田 康三,4
小金丸 和義,神田 康三,4
三上 重明,福田 央,4
中沢 伸重,伊藤 俊彦,4
岡崎 直人,石川 雄章,4
中沢 伸重,岩野 君夫,4
本馬 健光,浜地 正昭,3
浜地 正昭,神田 晃敬,3
佐々木 清祐,岩瀬 利徳,3
石川 雄章,稲橋 正明,3
田代 康介,神田 康三,3
上木 勝司,上木 厚子,3
上木 勝司,松田 義弘,3
横森 洋一,清水 健一,3
上木 厚子,松田 義弘,3
本馬 健光,神田 晃敬,3
小関 敏彦,松田 義弘,3
小金丸 和義,田代 康介,3
佐々木 清祐,福田 秀雄,3
岡崎 直人,木崎 康造,3
水谷 政美,高山 清子,3
下飯 仁,赤尾 健,3
吉田 清,稲橋 正明,3
永井 英雄,近藤 恭一,3
岩野 君夫,高橋 仁,3
岩瀬 利徳,福田 秀雄,3
加藤 富民雄,田代 康介,3
岸本 宗和,篠原 隆,3
大場 孝宏,満生 慎二,3
久原 哲,加藤 富民雄,3
仲村 佐知子,門倉 利守,3
山本 英樹,高山 清子,3
岸本 宗和,後藤 昭二,3
岡崎 直人,赤尾 健,3
渡辺 正平,飯野 修一,3
久原 哲,小金丸 和義,3
中里 厚実,仲村 佐知子,3
久原 哲,田代 康介,3
久原 哲,神田 康三,3
山本 英樹,水谷 政美,3
岡崎 直人,稲橋 正明,3
永井 英雄,田中 準浩,2
三島 秀夫,中沢 英五郎,2
五味 勝也,宮崎 佳緒子,2
松井 菊恵,浜地 正昭,2
木崎 康造,武藤 貴史,2
後藤 邦康,西谷 尚道,2
木崎 康造,稲橋 正明,2
相馬 英一,篠原 隆,2
木崎 康造,赤尾 健,2
大場 孝宏,末永 光,2
木崎 康造,石川 雄章,2
後藤 昭二,飯野 修一,2
加藤 富民雄,墨 利久,2
三森 智子,本馬 健光,2
小泉 幸道,村 清司,2
伊藤 俊彦,高橋 仁,2
伊藤 俊彦,渡辺 誠衛,2
五味 勝也,山岡 洋,2
墨 利久,田代 康介,2
墨 利久,神田 康三,2
永井 英雄,西村 顕,2
加藤 富民雄,村田 晃,2
小髙 敦史,秦 洋二,2
五味 勝也,原 昌道,2
後藤 昭二,柳田 藤寿,2
小髙 敦史,松村 憲吾,2
五味 勝也,吉沢 淑,2
後藤 昭二,渡辺 正平,2
西村 顕,近藤 恭一,2
下飯 仁,岡崎 直人,2
後藤 昭二,相馬 英一,2
墨 利久,小金丸 和義,2
仲村 佐知子,小倉 健太郎,2
永井 英雄,竹村 成三,2
有本 圭吾,畠山 明,2
好井 久雄,東 和男,2
三木 健夫,添川 一寛,2
三木 健夫,猪狩 信次,2
渡辺 大輔,赤尾 健,2
中沢 英五郎,竹村 成三,2
五島 徹也,赤尾 健,2
神田 涼子,須藤 茂俊,2
三森 智子,神田 晃敬,2
松村 憲吾,秦 洋二,2
中沢 英五郎,田中 準浩,2
奥田 徹,横塚 弘毅,2
奥田 徹,高柳 勉,2
好井 久雄,山本 泰,2
友弘 幸男,田仁 祥信,2
中沢 伸重,高橋 仁,2
中沢 英五郎,永井 英雄,2
姫野 国夫,河野 勇人,2
三森 智子,浜地 正昭,2
姫野 国夫,産本 弘之,2
武藤 貴史,赤尾 健,2
武藤 貴史,稲橋 正明,2
武藤 貴史,石川 雄章,2
渡邊 健一,田村 博康,2
渡邉 陽介,畠山 明,2
林田 晋策,田仁 祥信,2
友弘 幸男,林田 晋策,2
三森 智子,松井 菊恵,2
友弘 幸男,太田 一良,2
中沢 伸重,渡辺 誠衛,2
有本 圭吾,渡邉 陽介,2
戸塚 昭,清水 健一,2
松井 菊恵,神田 晃敬,2
田中 準浩,竹村 成三,2
太田 一良,林田 晋策,2
下飯 仁,五島 徹也,2
佐々木 清祐,森川 貴子,2
吉武 正文,福田 秀雄,2
佐々木 清祐,吉武 正文,2
戸塚 昭,横森 洋一,2
原島 俊,大嶋 泰治,2
三島 秀夫,永井 英雄,2
岡崎 直人,武藤 貴史,2
太田 一良,田仁 祥信,2
伊藤 清,飯村 穰,2
小西 康夫,若井 芳則,2
上木 厚子,小関 敏彦,2
三島 秀夫,田中 準浩,2
上木 勝司,小関 敏彦,2
石川 雄章,赤尾 健,2
磯谷 敦子,神田 涼子,2
横塚 弘毅,高柳 勉,2
三島 秀夫,竹村 成三,2
小西 康夫,白石 真奈美,2
宮崎 佳緒子,熊谷 知栄子,2
宮崎 佳緒子,山岡 洋,2
磯谷 敦子,須藤 茂俊,2
中田 久保,穂坂 賢,2
吉武 正文,岩瀬 利徳,2
稲橋 正明,赤尾 健,2
三上 重明,岩野 君夫,2
田口 隆信,高橋 仁,2
吉沢 淑,高橋 康次郎,2
白石 真奈美,若井 芳則,2
佐藤 俊一,戸塚 昭,2
河野 勇人,産本 弘之,2
岩瀬 利徳,森川 貴子,2
中山 俊一,満生 慎二,2
浅野 忠男,黒瀬 直孝,2
本馬 健光,松井 菊恵,2
野本 秀正,高橋 康次郎,2
中山 俊一,大場 孝宏,2
小倉 健太郎,門倉 利守,2
山岡 洋,熊谷 知栄子,2
山下 伸雄,近藤 恭一,2
岩野 君夫,椎木 敏,2
三上 重明,椎木 敏,2
原 崇,有本 圭吾,2
森川 貴子,福田 秀雄,2
末永 光,満生 慎二,2
原 崇,渡邉 陽介,2
原 崇,畠山 明,2
山岡 千鶴,栗田 修,2
中村 欽一,吉田 清,2
中村 欽一,稲橋 正明,2
栗林 喬,畠山 明,2
栗林 喬,田村 博康,2
栗林 喬,渡邊 健一,2
原 昌道,吉沢 淑,2
岩野 君夫,渡辺 誠衛,2
山下 伸雄,永井 英雄,2
小幡 孝之,後藤 邦康,2
岸本 宗和,柳田 藤寿,2
岸本 宗和,相馬 英一,2
佐藤 和夫,岡崎 直人,2
北本 勝ひこ,小田 佳緒子,2
佐藤 和夫,石川 雄章,2
清川 良文,若井 芳則,2
岸本 宗和,袖山 政一,2
久原 哲,墨 利久,2
北本 勝ひこ,宮崎 佳緒子,2
添川 一寛,猪狩 信次,2
今安 聰,川戸 章嗣,2
山本 泰,東 和男,2
中里 厚実,小倉 健太郎,2
佐藤 和夫,稲橋 正明,2
北本 勝ひこ,山岡 洋,2
下飯 仁,渡辺 大輔,2
川戸 章嗣,田仁 祥信,1
川戸 章嗣,高橋 康次郎,1
川戸 章嗣,高橋 順子,1
布川 弥太郎,田仁 祥信,1
布川 弥太郎,田中 裕之,1
川戸 章嗣,鴇田 恵子,1
布川 弥太郎,田代 道夫,1
川戸 章嗣,高橋 利郎,1
川戸 章嗣,高尾 享司,1
川戸 章嗣,馬場 茂,1
川戸 章嗣,飯野 修一,1
川戸 章嗣,飯村 穰,1
川戸 章嗣,長尾 敬一,1
布川 弥太郎,田中 準浩,1
川戸 章嗣,田島 和成,1
川本 康裕,柳田 藤寿,1
川本 康裕,篠原 隆,1
工藤 哲三,水谷 政美,1
川戸 章嗣,渋谷 泰子,1
布川 弥太郎,清水 理通,1
布川 弥太郎,鍵本 佳孝,1
川戸 章嗣,渡辺 正平,1
川邊 久之,藤野 舜一,1
川戸 章嗣,狩野 幸信,1
川村 吉也,高見澤 一裕,1
布川 弥太郎,金田 弘挙,1
川村 吉也,赤野 裕文,1
布川 弥太郎,渋谷 泰子,1
布川 弥太郎,渡辺 正平,1
川村 吉也,矢橋 裕一,1
川村 吉也,江藤 義春,1
川戸 章嗣,田中 準浩,1
布川 弥太郎,狩野 幸信,1
川戸 章嗣,田中 裕之,1
川村 吉也,木股 由貴,1
川戸 章嗣,鍵本 佳孝,1
川戸 章嗣,鎌田 耕造,1
布川 弥太郎,田原 孝嗣,1
川戸 章嗣,田代 道夫,1
川戸 章嗣,石原 和夫,1
川戸 章嗣,羽田 輝美,1
川戸 章嗣,竹村 成三,1
布川 弥太郎,羽田 輝美,1
川戸 章嗣,秋山 裕一,1
布川 弥太郎,舘 博,1
布川 弥太郎,舟橋 章,1
布川 弥太郎,若井 芳則,1
布川 弥太郎,蓼沼 誠,1
川戸 章嗣,神田 晃敬,1
布川 弥太郎,藪内 精三,1
川戸 章嗣,金田 弘挙,1
布川 弥太郎,野本 秀正,1
布川 弥太郎,野口 雅敏,1
布川 弥太郎,西川 紀男,1
布川 弥太郎,西方 君恵,1
布川 弥太郎,近藤 恭一,1
布川 弥太郎,西村 顕,1
布川 弥太郎,赤尾 綾子,1
川戸 章嗣,石井 降幸,1
川戸 章嗣,矢野 幸男,1
布川 弥太郎,竹村 成三,1
川戸 章嗣,舘 博,1
川戸 章嗣,舟橋 章,1
川戸 章嗣,若井 芳則,1
川戸 章嗣,野本 秀正,1
川戸 章嗣,白石 真奈美,1
布川 弥太郎,田島 和成,1
川戸 章嗣,野口 雅敏,1
布川 弥太郎,白石 真奈美,1
川戸 章嗣,近藤 恭一,1
川戸 章嗣,赤尾 綾子,1
布川 弥太郎,矢野 幸男,1
布川 弥太郎,石井 降幸,1
布川 弥太郎,石原 和夫,1
川戸 章嗣,西村 顕,1
川戸 章嗣,西方 君恵,1
布川 弥太郎,神田 晃敬,1
布川 弥太郎,清水 文夫,1
川戸 章嗣,西川 紀男,1
川戸 章嗣,田原 孝嗣,1
布川 弥太郎,秋山 裕一,1
川戸 章嗣,藪内 精三,1
川戸 章嗣,蓼沼 誠,1
市川 英治,野本 秀正,1
布川 弥太郎,泉 禄郎,1
工藤 哲三,竹下 淳子,1
布宮 雅昭,石垣 浩佳,1
布宮 雅昭,須貝 智,1
布川 弥太郎,平田 勤,1
布川 弥太郎,戸塚 昭,1
布川 弥太郎,新村 洋一,1
市川 英治,秋山 裕一,1
布川 弥太郎,曽根 秀隆,1
布川 弥太郎,木曾 邦明,1
布川 弥太郎,木村 與司雄,1
市川 英治,神田 晃敬,1
市川 英治,石原 和夫,1
布川 弥太郎,本間 伸夫,1
市川 英治,石井 降幸,1
市川 英治,矢野 幸男,1
布川 弥太郎,本馬 健光,1
布川 弥太郎,村 清司,1
市川 英治,白石 真奈美,1
布川 弥太郎,松井 菊恵,1
布川 弥太郎,松本 邦男,1
市川 英治,田島 和成,1
布川 弥太郎,林田 晋策,1
布川 弥太郎,柳田 藤治,1
市川 英治,田原 孝嗣,1
市川 英治,田代 道夫,1
布宮 雅昭,鈴木 弥兵衛,1
布宮 雅昭,松田 義弘,1
市川 英治,田中 裕之,1
市川 英治,鴇田 恵子,1
市川 英治,野口 雅敏,1
市川 英治,近藤 恭一,1
市川 英治,鍵本 佳孝,1
市川 英治,赤尾 綾子,1
市川 英治,鎌田 耕造,1
市川 英治,長尾 敬一,1
市川 英治,西村 顕,1
市川 英治,西方 君恵,1
市川 英治,西川 紀男,1
市川 英治,飯村 穰,1
市川 英治,飯野 修一,1
市川 英治,馬場 茂,1
市川 英治,高尾 享司,1
市川 英治,藪内 精三,1
市川 英治,蓼沼 誠,1
市川 英治,若井 芳則,1
市川 英治,舟橋 章,1
市川 英治,舘 博,1
市川 英治,高橋 利郎,1
市川 英治,羽田 輝美,1
市川 英治,高橋 康次郎,1
市川 英治,高橋 順子,1
市川 英治,竹村 成三,1
市川 英治,田仁 祥信,1
市川 英治,田中 準浩,1
工藤 哲三,越智 洋,1
布川 弥太郎,横森 洋一,1
市川 英治,松本 邦男,1
市川 英治,松井 菊恵,1
市川 英治,村 清司,1
市川 英治,本馬 健光,1
市川 英治,本間 伸夫,1
布川 弥太郎,水品 圭司,1
市川 英治,木村 與司雄,1
布川 弥太郎,水津 哲義,1
市川 英治,木曾 邦明,1
布川 弥太郎,永井 英雄,1
市川 英治,曽根 秀隆,1
布川 弥太郎,永見 憲三,1
市川 英治,新村 洋一,1
市川 英治,戸塚 昭,1
市川 英治,金田 弘挙,1
市川 英治,平田 勤,1
市川 英治,布川 弥太郎,1
布川 弥太郎,津田 孝範,1
工藤 晋平,松田 義弘,1
布川 弥太郎,浜地 正昭,1
工藤 哲三,高山 清子,1
布川 弥太郎,浦野 直人,1
布川 弥太郎,清水 健一,1
市川 英治,林田 晋策,1
市川 英治,柳田 藤治,1
布川 弥太郎,柴田 正人,1
市川 英治,柴田 正人,1
布川 弥太郎,栃倉 辰六郎,1
市川 英治,狩野 幸信,1
市川 英治,渡辺 正平,1
市川 英治,渋谷 泰子,1
市川 英治,清水 理通,1
市川 英治,清水 文夫,1
市川 英治,清水 健一,1
市川 英治,浦野 直人,1
市川 英治,浜地 正昭,1
市川 英治,津田 孝範,1
布川 弥太郎,桑平 秀夫,1
市川 英治,泉 禄郎,1
市川 英治,永見 憲三,1
市川 英治,永井 英雄,1
市川 英治,水津 哲義,1
市川 英治,水品 圭司,1
市川 英治,横森 洋一,1
市川 英治,榛葉 芳夫,1
市川 英治,椎木 敏,1
布川 弥太郎,椎木 敏,1
布川 弥太郎,榛葉 芳夫,1
市川 英治,桑平 秀夫,1
市川 英治,栃倉 辰六郎,1
Adinda Putri Wisman,五味 勝也,1
川合 菜穂美,高橋 利郎,1
川戸 章嗣,清水 理通,1
島津 武,平田 勤,1
岩野 君夫,高橋 順子,1
岩野 君夫,鴇田 恵子,1
岸 伸彦,後藤(山本) 奈美,1
岸 伸彦,戸塚 昭,1
岸 伸彦,梅田 紀彦,1
岸 伸彦,福田 整,1
岸 伸彦,角田 朝子,1
岸 伸彦,高宮 義治,1
岸本 宗和,押田 明成,1
岸本 宗和,萩原 健一,1
島岡 芳和,笠原 紳,1
島岡 芳和,金内 誠,1
島津 武,川合 菜穂美,1
島津 武,川戸 章嗣,1
島津 武,市川 英治,1
岩野 君夫,高橋 康次郎,1
岩野 君夫,高橋 利郎,1
岩野 君夫,高尾 享司,1
岩野 君夫,野口 雅敏,1
岩野 君夫,藪内 精三,1
岩野 君夫,西川 紀男,1
岩野 君夫,西方 君恵,1
岩野 君夫,西村 顕,1
岩野 君夫,赤尾 綾子,1
岩野 君夫,近藤 恭一,1
岩野 君夫,野本 秀正,1
岩野 君夫,馬場 茂,1
岩野 君夫,金田 弘挙,1
岩野 君夫,鍵本 佳孝,1
岩野 君夫,鎌田 耕造,1
岩野 君夫,長尾 敬一,1
岩野 君夫,飯村 穰,1
岩野 君夫,飯野 修一,1
島津 武,布川 弥太郎,1
島津 武,戸塚 昭,1
島津 武,田原 孝嗣,1
島津 武,新村 洋一,1
島津 武,永井 英雄,1
島津 武,永見 憲三,1
島津 武,泉 禄郎,1
島津 武,津田 孝範,1
島津 武,浜地 正昭,1
島津 武,浦野 直人,1
島津 武,清水 健一,1
島津 武,清水 文夫,1
島津 武,清水 理通,1
島津 武,渋谷 泰子,1
島津 武,渡辺 正平,1
島津 武,狩野 幸信,1
島津 武,田中 準浩,1
島津 武,田中 裕之,1
島津 武,田仁 祥信,1
島津 武,水津 哲義,1
島津 武,水品 圭司,1
島津 武,横森 洋一,1
島津 武,松井 菊恵,1
島津 武,曽根 秀隆,1
島津 武,木曾 邦明,1
島津 武,木村 與司雄,1
島津 武,本間 伸夫,1
島津 武,本馬 健光,1
島津 武,村 清司,1
島津 武,松本 邦男,1
島津 武,榛葉 芳夫,1
島津 武,林田 晋策,1
島津 武,柳田 藤治,1
島津 武,柴田 正人,1
島津 武,栃倉 辰六郎,1
島津 武,桑平 秀夫,1
島津 武,椎木 敏,1
岩野 君夫,蓼沼 誠,1
岩野 君夫,若井 芳則,1
岩野 君夫,舟橋 章,1
岩野 君夫,舘 博,1
岩野 君夫,斎藤 久一,1
岩野 君夫,新村 洋一,1
岩野 君夫,曽根 秀隆,1
岩野 君夫,木曾 邦明,1
岩野 君夫,木村 與司雄,1
岩野 君夫,本間 伸夫,1
岩野 君夫,本馬 健光,1
岩野 君夫,村 清司,1
岩野 君夫,松井 菊恵,1
岩野 君夫,松本 邦男,1
岩野 君夫,林田 晋策,1
岩野 君夫,柳田 藤治,1
岩野 君夫,柴田 正人,1
岩野 君夫,栃倉 辰六郎,1
岩野 君夫,桑平 秀夫,1
岩野 君夫,戸塚 昭,1
岩野 君夫,志賀 拓也,1
岩野 君夫,平田 勤,1
岩田 深也,高橋 康次郎,1
岩田 深也,長尾 敬一,1
岩田 深也,飯村 穰,1
岩田 深也,飯野 修一,1
岩田 深也,馬場 茂,1
岩田 深也,高尾 享司,1
岩田 深也,高橋 利郎,1
岩田 深也,高橋 順子,1
岩野 君夫,幡宮 顕仁,1
岩田 深也,鴇田 恵子,1
岩野 君夫,島津 武,1
岩野 君夫,川合 菜穂美,1
岩野 君夫,川戸 章嗣,1
岩野 君夫,市川 英治,1
岩野 君夫,布川 弥太郎,1
岩野 君夫,榛葉 芳夫,1
岩野 君夫,横森 洋一,1
岩野 君夫,水品 圭司,1
岩野 君夫,石原 和夫,1
岩野 君夫,田原 孝嗣,1
岩野 君夫,田口 隆信,1
岩野 君夫,田島 和成,1
岩野 君夫,白石 真奈美,1
岩野 君夫,矢野 幸男,1
岩野 君夫,石井 降幸,1
岩野 君夫,石川 雄章,1
岩野 君夫,田仁 祥信,1
岩野 君夫,神田 晃敬,1
岩野 君夫,福田 清治,1
岩野 君夫,秋山 裕一,1
岩野 君夫,立花 忠則,1
岩野 君夫,竹村 成三,1
岩野 君夫,羽田 輝美,1
岩野 君夫,田代 道夫,1
岩野 君夫,田中 裕之,1
岩野 君夫,水津 哲義,1
岩野 君夫,清水 健一,1
岩野 君夫,永井 英雄,1
岩野 君夫,永見 憲三,1
岩野 君夫,泉 禄郎,1
岩野 君夫,津田 孝範,1
岩野 君夫,浜地 正昭,1
岩野 君夫,浦野 直人,1
岩野 君夫,清水 文夫,1
岩野 君夫,田中 準浩,1
岩野 君夫,清水 理通,1
岩野 君夫,渋谷 泰子,1
岩野 君夫,渡辺 正平,1
岩野 君夫,渡辺 沙織,1
岩野 君夫,渡邉 誠衛,1
岩野 君夫,狩野 幸信,1
島津 武,田代 道夫,1
島津 武,田島 和成,1
川戸 章嗣,清水 文夫,1
川合 菜穂美,馬場 茂,1
川合 菜穂美,若井 芳則,1
川合 菜穂美,蓼沼 誠,1
川合 菜穂美,藪内 精三,1
川合 菜穂美,西川 紀男,1
川合 菜穂美,西方 君恵,1
川合 菜穂美,西村 顕,1
川合 菜穂美,赤尾 綾子,1
川合 菜穂美,近藤 恭一,1
川合 菜穂美,野口 雅敏,1
川合 菜穂美,野本 秀正,1
川合 菜穂美,金田 弘挙,1
川合 菜穂美,鍵本 佳孝,1
川合 菜穂美,鎌田 耕造,1
川合 菜穂美,長尾 敬一,1
川合 菜穂美,飯村 穰,1
川合 菜穂美,舟橋 章,1
川合 菜穂美,舘 博,1
川合 菜穂美,羽田 輝美,1
川合 菜穂美,田原 孝嗣,1
川合 菜穂美,渡辺 正平,1
川合 菜穂美,狩野 幸信,1
川合 菜穂美,田中 準浩,1
川合 菜穂美,田中 裕之,1
川合 菜穂美,田仁 祥信,1
川合 菜穂美,田代 道夫,1
川合 菜穂美,田島 和成,1
川合 菜穂美,竹村 成三,1
川合 菜穂美,白石 真奈美,1
川合 菜穂美,矢野 幸男,1
川合 菜穂美,石井 降幸,1
川合 菜穂美,石原 和夫,1
川合 菜穂美,神田 晃敬,1
川合 菜穂美,秋山 裕一,1
川合 菜穂美,飯野 修一,1
川合 菜穂美,高尾 享司,1
島津 武,白石 真奈美,1
布川 弥太郎,長尾 敬一,1
川戸 章嗣,柴田 正人,1
川戸 章嗣,栃倉 辰六郎,1
川戸 章嗣,桑平 秀夫,1
川戸 章嗣,椎木 敏,1
川戸 章嗣,榛葉 芳夫,1
川戸 章嗣,横森 洋一,1
川戸 章嗣,水品 圭司,1
川戸 章嗣,水津 哲義,1
川戸 章嗣,永井 英雄,1
川戸 章嗣,永見 憲三,1
川戸 章嗣,泉 禄郎,1
川戸 章嗣,津田 孝範,1
川戸 章嗣,浜地 正昭,1
川戸 章嗣,浦野 直人,1
川戸 章嗣,清水 健一,1
川戸 章嗣,柳田 藤治,1
川戸 章嗣,林田 晋策,1
川戸 章嗣,松本 邦男,1
川戸 章嗣,戸塚 昭,1
川合 菜穂美,高橋 康次郎,1
川合 菜穂美,高橋 順子,1
川合 菜穂美,鴇田 恵子,1
川戸 章嗣,市川 英治,1
川戸 章嗣,布川 弥太郎,1
川戸 章嗣,平田 勤,1
川戸 章嗣,新村 洋一,1
川戸 章嗣,松井 菊恵,1
川戸 章嗣,曽根 秀隆,1
川戸 章嗣,木曾 邦明,1
川戸 章嗣,木村 與司雄,1
川戸 章嗣,本間 伸夫,1
川戸 章嗣,本馬 健光,1
川戸 章嗣,村 清司,1
川合 菜穂美,渋谷 泰子,1
川合 菜穂美,清水 理通,1
川合 菜穂美,清水 文夫,1
川合 菜穂美,清水 健一,1
島津 武,野本 秀正,1
島津 武,金田 弘挙,1
島津 武,鍵本 佳孝,1
島津 武,鎌田 耕造,1
島津 武,長尾 敬一,1
島津 武,飯村 穰,1
島津 武,飯野 修一,1
島津 武,馬場 茂,1
島津 武,高尾 享司,1
島津 武,高橋 利郎,1
島津 武,高橋 康次郎,1
島津 武,高橋 順子,1
島津 武,鴇田 恵子,1
島田 昌也,平井 菜未,1
島田 昌也,早川 享志,1
島津 武,野口 雅敏,1
島津 武,近藤 恭一,1
島津 武,赤尾 綾子,1
島津 武,羽田 輝美,1
島津 武,矢野 幸男,1
島津 武,石井 降幸,1
島津 武,石原 和夫,1
島津 武,神田 晃敬,1
島津 武,秋山 裕一,1
島津 武,竹村 成三,1
島津 武,舘 博,1
島津 武,西村 顕,1
島津 武,舟橋 章,1
島津 武,若井 芳則,1
島津 武,蓼沼 誠,1
島津 武,藪内 精三,1
島津 武,西川 紀男,1
島津 武,西方 君恵,1
島田 昌也,杉山 誠,1
島田 昌也,正木 和夫,1
島田 昌也,澤井 美伯,1
川合 菜穂美,水品 圭司,1
川合 菜穂美,柴田 正人,1
川合 菜穂美,栃倉 辰六郎,1
川合 菜穂美,桑平 秀夫,1
川合 菜穂美,椎木 敏,1
川合 菜穂美,榛葉 芳夫,1
川合 菜穂美,横森 洋一,1
川合 菜穂美,水津 哲義,1
川合 菜穂美,林田 晋策,1
川合 菜穂美,永井 英雄,1
川合 菜穂美,永見 憲三,1
川合 菜穂美,泉 禄郎,1
川合 菜穂美,津田 孝範,1
川合 菜穂美,浜地 正昭,1
川合 菜穂美,浦野 直人,1
川合 菜穂美,柳田 藤治,1
川合 菜穂美,松本 邦男,1
島田 昌也,玉置 尚徳,1
川合 菜穂美,戸塚 昭,1
島田 昌也,稲垣 瑞穂,1
島田 昌也,鈴木 徹,1
川合 菜穂美,川戸 章嗣,1
川合 菜穂美,市川 英治,1
川合 菜穂美,布川 弥太郎,1
川合 菜穂美,平田 勤,1
川合 菜穂美,新村 洋一,1
川合 菜穂美,松井 菊恵,1
川合 菜穂美,曽根 秀隆,1
川合 菜穂美,木曾 邦明,1
川合 菜穂美,木村 與司雄,1
川合 菜穂美,本間 伸夫,1
川合 菜穂美,本馬 健光,1
川合 菜穂美,村 清司,1
布川 弥太郎,鎌田 耕造,1
平田 勤,永見 憲三,1
布川 弥太郎,飯村 穰,1
木曽 邦明,水野 昭博,1
有賀 雄二,齋藤 浩,1
服部 一成,角田 潔和,1
服部 一成,進藤 斉,1
木崎 康造,杜 連祥,1
木崎 康造,瀧田 正美,1
木崎 康造,荒巻 功,1
木曽 邦明,高橋 利郎,1
有賀 雄二,松本 信彦,1
木曾 邦明,木村 與司雄,1
木曾 邦明,本間 伸夫,1
木曾 邦明,本馬 健光,1
木曾 邦明,村 清司,1
木曾 邦明,松井 菊恵,1
木曾 邦明,松本 邦男,1
有賀 雄二,高田 清文,1
有本 圭吾,栗林 喬,1
木曾 邦明,柳田 藤治,1
曽根 秀隆,長尾 敬一,1
曽根 秀隆,近藤 恭一,1
曽根 秀隆,野口 雅敏,1
曽根 秀隆,野本 秀正,1
曽根 秀隆,金田 弘挙,1
曽根 秀隆,鍵本 佳孝,1
曽根 秀隆,鎌田 耕造,1
曽根 秀隆,飯村 穰,1
曽根 秀隆,鴇田 恵子,1
曽根 秀隆,飯野 修一,1
曽根 秀隆,馬場 茂,1
曽根 秀隆,高尾 享司,1
曽根 秀隆,高橋 利郎,1
曽根 秀隆,高橋 康次郎,1
曽根 秀隆,高橋 順子,1
木曾 邦明,林田 晋策,1
木曾 邦明,柴田 正人,1
曽根 秀隆,西村 顕,1
木曾 邦明,白石 真奈美,1
木曾 邦明,田中 準浩,1
木曾 邦明,田中 裕之,1
木曾 邦明,田仁 祥信,1
木曾 邦明,田代 道夫,1
木曾 邦明,田原 孝嗣,1
木曾 邦明,田島 和成,1
木曾 邦明,矢野 幸男,1
木曾 邦明,渡辺 正平,1
木曾 邦明,石井 降幸,1
木曾 邦明,石原 和夫,1
木曾 邦明,神田 晃敬,1
木曾 邦明,秋山 裕一,1
木曾 邦明,竹村 成三,1
木曾 邦明,羽田 輝美,1
木曾 邦明,狩野 幸信,1
木曾 邦明,渋谷 泰子,1
木曾 邦明,栃倉 辰六郎,1
木曾 邦明,永井 英雄,1
木曾 邦明,桑平 秀夫,1
木曾 邦明,椎木 敏,1
木曾 邦明,榛葉 芳夫,1
木曾 邦明,横森 洋一,1
木曾 邦明,水品 圭司,1
木曾 邦明,水津 哲義,1
木曾 邦明,永見 憲三,1
木曾 邦明,清水 理通,1
木曾 邦明,泉 禄郎,1
木曾 邦明,津田 孝範,1
木曾 邦明,浜地 正昭,1
木曾 邦明,浦野 直人,1
木曾 邦明,清水 健一,1
木曾 邦明,清水 文夫,1
曽根 秀隆,赤尾 綾子,1
曽根 秀隆,西方 君恵,1
新村 洋一,飯野 修一,1
曽根 秀隆,村 清司,1
曲渕 哲朗,森川 貴子,1
曲渕 哲朗,福田 秀雄,1
曽根 秀隆,木曾 邦明,1
曽根 秀隆,木村 與司雄,1
曽根 秀隆,本間 伸夫,1
曽根 秀隆,本馬 健光,1
曽根 秀隆,松井 菊恵,1
春日 徳彦,渡辺 正平,1
曽根 秀隆,松本 邦男,1
曽根 秀隆,林田 晋策,1
曽根 秀隆,柳田 藤治,1
曽根 秀隆,柴田 正人,1
曽根 秀隆,栃倉 辰六郎,1
曽根 秀隆,桑平 秀夫,1
春日 徳彦,飯野 修一,1
星野 徹也,西谷 尚道,1
曽根 秀隆,榛葉 芳夫,1
新間 秀一,玉田 佳大,1
新村 洋一,高尾 享司,1
新村 洋一,高橋 利郎,1
新村 洋一,高橋 康次郎,1
新村 洋一,高橋 順子,1
新村 洋一,鴇田 恵子,1
新谷 智吉,森本 聡,1
新間 秀一,福崎 英一郎,1
星野 保,辻 雅晴,1
早川 享志,杉山 誠,1
早川 享志,正木 和夫,1
早川 享志,澤井 美伯,1
早川 享志,玉置 尚徳,1
早川 享志,稲垣 瑞穂,1
早川 享志,鈴木 徹,1
曽根 秀隆,椎木 敏,1
曽根 秀隆,横森 洋一,1
曽根 秀隆,西川 紀男,1
曽根 秀隆,秋山 裕一,1
曽根 秀隆,田島 和成,1
曽根 秀隆,白石 真奈美,1
曽根 秀隆,矢野 幸男,1
曽根 秀隆,石井 降幸,1
曽根 秀隆,石原 和夫,1
曽根 秀隆,神田 晃敬,1
曽根 秀隆,竹村 成三,1
曽根 秀隆,田代 道夫,1
曽根 秀隆,羽田 輝美,1
曽根 秀隆,舘 博,1
曽根 秀隆,舟橋 章,1
曽根 秀隆,若井 芳則,1
曽根 秀隆,蓼沼 誠,1
曽根 秀隆,藪内 精三,1
曽根 秀隆,田原 孝嗣,1
曽根 秀隆,田仁 祥信,1
曽根 秀隆,水品 圭司,1
曽根 秀隆,浦野 直人,1
曽根 秀隆,水津 哲義,1
曽根 秀隆,永井 英雄,1
曽根 秀隆,永見 憲三,1
曽根 秀隆,泉 禄郎,1
曽根 秀隆,津田 孝範,1
曽根 秀隆,浜地 正昭,1
曽根 秀隆,清水 健一,1
曽根 秀隆,田中 裕之,1
曽根 秀隆,清水 文夫,1
曽根 秀隆,清水 理通,1
曽根 秀隆,渋谷 泰子,1
曽根 秀隆,渡辺 正平,1
曽根 秀隆,狩野 幸信,1
曽根 秀隆,田中 準浩,1
木曾 邦明,舘 博,1
木曾 邦明,舟橋 章,1
木曾 邦明,若井 芳則,1
末次-佐々木 春菜,渡辺 守,1
木股 由貴,江藤 義春,1
木股 由貴,矢橋 裕一,1
木股 由貴,赤野 裕文,1
木股 由貴,高見澤 一裕,1
末次-佐々木 春菜,村上 智子,1
末次-佐々木 春菜,渡辺 大輔,1
末次-佐々木 春菜,福田 央,1
木田 建次,湯 岳琴,1
末次-佐々木 春菜,赤尾 健,1
末次-佐々木 春菜,髙木 昌美,1
末永 光,羽田野 雄大,1
末永 光,鈴木 正何,1
本間 伸夫,本馬 健光,1
本間 伸夫,村 清司,1
木田 建次,西村 賢了,1
木田 建次,森村 茂,1
本間 伸夫,松本 邦男,1
木村 與司雄,長尾 敬一,1
木村 與司雄,近藤 恭一,1
木村 與司雄,野口 雅敏,1
木村 與司雄,野本 秀正,1
木村 與司雄,金田 弘挙,1
木村 與司雄,鍵本 佳孝,1
木村 與司雄,鎌田 耕造,1
木村 與司雄,飯村 穰,1
木村 與司雄,鴇田 恵子,1
木村 與司雄,飯野 修一,1
木村 與司雄,馬場 茂,1
木村 與司雄,高尾 享司,1
木村 與司雄,高橋 利郎,1
木村 與司雄,高橋 康次郎,1
木村 與司雄,高橋 順子,1
本間 伸夫,松井 菊恵,1
本間 伸夫,林田 晋策,1
木曾 邦明,蓼沼 誠,1
本間 伸夫,田原 孝嗣,1
本間 伸夫,渡辺 正平,1
本間 伸夫,狩野 幸信,1
本間 伸夫,田中 準浩,1
本間 伸夫,田中 裕之,1
本間 伸夫,田仁 祥信,1
本間 伸夫,田代 道夫,1
本間 伸夫,田島 和成,1
本間 伸夫,清水 理通,1
本間 伸夫,白石 真奈美,1
本間 伸夫,矢野 幸男,1
本間 伸夫,石井 降幸,1
本間 伸夫,石原 和夫,1
本間 伸夫,神田 晃敬,1
本間 伸夫,秋山 裕一,1
本間 伸夫,渋谷 泰子,1
本間 伸夫,清水 文夫,1
本間 伸夫,柳田 藤治,1
本間 伸夫,水品 圭司,1
本間 伸夫,柴田 正人,1
本間 伸夫,栃倉 辰六郎,1
本間 伸夫,桑平 秀夫,1
本間 伸夫,椎木 敏,1
本間 伸夫,榛葉 芳夫,1
本間 伸夫,横森 洋一,1
本間 伸夫,水津 哲義,1
本間 伸夫,清水 健一,1
本間 伸夫,永井 英雄,1
本間 伸夫,永見 憲三,1
本間 伸夫,泉 禄郎,1
本間 伸夫,津田 孝範,1
本間 伸夫,浜地 正昭,1
本間 伸夫,浦野 直人,1
木村 與司雄,赤尾 綾子,1
木村 與司雄,西村 顕,1
木村 與司雄,西方 君恵,1
木村 與司雄,松井 菊恵,1
木曾 邦明,高橋 順子,1
木曾 邦明,鴇田 恵子,1
木村 和弘,熊谷 知栄子,1
木村 與司雄,本間 伸夫,1
木村 與司雄,本馬 健光,1
木村 與司雄,村 清司,1
木村 與司雄,松本 邦男,1
木曾 邦明,高橋 利郎,1
木村 與司雄,林田 晋策,1
木村 與司雄,柳田 藤治,1
木村 與司雄,柴田 正人,1
木村 與司雄,栃倉 辰六郎,1
木村 與司雄,桑平 秀夫,1
木村 與司雄,椎木 敏,1
木曾 邦明,高橋 康次郎,1
木曾 邦明,高尾 享司,1
木村 與司雄,西川 紀男,1
木曾 邦明,野口 雅敏,1
木曾 邦明,藪内 精三,1
木曾 邦明,西川 紀男,1
木曾 邦明,西方 君恵,1
木曾 邦明,西村 顕,1
木曾 邦明,赤尾 綾子,1
木曾 邦明,近藤 恭一,1
木曾 邦明,野本 秀正,1
木曾 邦明,馬場 茂,1
木曾 邦明,金田 弘挙,1
木曾 邦明,鍵本 佳孝,1
木曾 邦明,鎌田 耕造,1
木曾 邦明,長尾 敬一,1
木曾 邦明,飯村 穰,1
木曾 邦明,飯野 修一,1
木村 與司雄,榛葉 芳夫,1
木村 與司雄,横森 洋一,1
木村 與司雄,水品 圭司,1
木村 與司雄,秋山 裕一,1
木村 與司雄,田島 和成,1
木村 與司雄,白石 真奈美,1
木村 與司雄,矢野 幸男,1
木村 與司雄,石井 降幸,1
木村 與司雄,石原 和夫,1
木村 與司雄,神田 晃敬,1
木村 與司雄,竹村 成三,1
木村 與司雄,水津 哲義,1
木村 與司雄,羽田 輝美,1
木村 與司雄,舘 博,1
木村 與司雄,舟橋 章,1
木村 與司雄,若井 芳則,1
木村 與司雄,蓼沼 誠,1
木村 與司雄,藪内 精三,1
木村 與司雄,田原 孝嗣,1
木村 與司雄,田代 道夫,1
木村 與司雄,田仁 祥信,1
木村 與司雄,田中 裕之,1
木村 與司雄,田中 準浩,1
木村 與司雄,狩野 幸信,1
木村 與司雄,渡辺 正平,1
木村 與司雄,渋谷 泰子,1
木村 與司雄,清水 理通,1
木村 與司雄,清水 文夫,1
木村 與司雄,清水 健一,1
木村 與司雄,浦野 直人,1
木村 與司雄,浜地 正昭,1
木村 與司雄,津田 孝範,1
木村 與司雄,泉 禄郎,1
木村 與司雄,永見 憲三,1
木村 與司雄,永井 英雄,1
新村 洋一,馬場 茂,1
新村 洋一,飯村 穰,1
布川 弥太郎,飯野 修一,1
平田 大,田村 博康,1
平田 勤,高橋 康次郎,1
平田 勤,高橋 順子,1
平田 勤,鴇田 恵子,1
平田 大,栗林 喬,1
平田 大,水沼 正樹,1
平田 大,渡邊 健一,1
平田 大,赤尾 健,1
平田 勤,高尾 享司,1
平野 高広,米倉 裕一,1
平野 高広,遠山 良,1
幸 賢二,片渕 勇敬,1
幸 賢二,藤井 昇,1
広畑 修二,新間 秀一,1
広畑 修二,玉田 佳大,1
平田 勤,高橋 利郎,1
平田 勤,馬場 茂,1
後藤 奈美,有賀 雄二,1
平田 勤,近藤 恭一,1
平田 勤,蓼沼 誠,1
平田 勤,藪内 精三,1
平田 勤,西川 紀男,1
平田 勤,西方 君恵,1
平田 勤,西村 顕,1
平田 勤,赤尾 綾子,1
平田 勤,野口 雅敏,1
平田 勤,飯野 修一,1
平田 勤,野本 秀正,1
平田 勤,金田 弘挙,1
平田 勤,鍵本 佳孝,1
平田 勤,鎌田 耕造,1
平田 勤,長尾 敬一,1
平田 勤,飯村 穰,1
広畑 修二,福崎 英一郎,1
後藤 奈美,松本 信彦,1
平田 勤,舟橋 章,1
志水 元亨,近藤 徹弥,1
徳満 健二,田邊 幾之助,1
徳満 健二,高橋 英司,1
志水 元亨,杉山 信之,1
志水 元亨,榊原 康彰,1
志水 元亨,船井 秀哉,1
志水 元亨,赤尾 健,1
志賀 拓也,高橋 仁,1
徳満 健二,新山 拓男,1
戸塚 堅二郎,田中 裕三,1
戸塚 堅二郎,相良 沙奈恵,1
戸塚 堅二郎,石川 雄章,1
戸塚 堅二郎,稲橋 正明,1
戸塚 昭,新村 洋一,1
戸塚 昭,曽根 秀隆,1
徳満 健二,森 将士,1
後藤(山本) 奈美,高橋 康次郎,1
後藤 奈美,高田 清文,1
後藤 邦康,江口 将也,1
後藤 奈美,齋藤 浩,1
後藤 昭二,押田 明成,1
後藤 昭二,春日 徳彦,1
後藤 昭二,鎌田 勉,1
後藤 邦康,星野 徹也,1
後藤 邦康,森川 智,1
後藤 邦康,蓮尾 徹夫,1
後藤(山本) 奈美,高宮 義治,1
後藤 邦康,須藤 茂俊,1
後藤(山本) 奈美,戸塚 昭,1
後藤(山本) 奈美,梅田 紀彦,1
後藤(山本) 奈美,石川 雄章,1
後藤(山本) 奈美,福田 整,1
後藤(山本) 奈美,角田 朝子,1
平田 勤,若井 芳則,1
平田 勤,舘 博,1
新村 洋一,長尾 敬一,1
平田 勤,新村 洋一,1
平松 順一,田村 健一,1
平松 順一,矢野 駿太郎,1
平松 順一,高倉 裕,1
平松 順一,高橋 康次郎,1
平松 順一,黒瀬 直孝,1
平田 勤,戸塚 昭,1
平田 勤,曽根 秀隆,1
平原 敏幸,藤井 昇,1
平田 勤,木曾 邦明,1
平田 勤,木村 與司雄,1
平田 勤,本間 伸夫,1
平田 勤,本馬 健光,1
平田 勤,村 清司,1
平田 勤,松井 菊恵,1
平松 順一,浅野 忠男,1
平原 敏幸,片渕 勇敬,1
平田 勤,林田 晋策,1
幡宮 顕仁,渡辺 誠衛,1
布川 弥太郎,馬場 茂,1
布川 弥太郎,高尾 享司,1
布川 弥太郎,高橋 利郎,1
布川 弥太郎,高橋 康次郎,1
布川 弥太郎,高橋 順子,1
布川 弥太郎,鴇田 恵子,1
平井 菜未,早川 享志,1
平原 敏幸,幸 賢二,1
平井 菜未,杉山 誠,1
平井 菜未,正木 和夫,1
平井 菜未,澤井 美伯,1
平井 菜未,玉置 尚徳,1
平井 菜未,稲垣 瑞穂,1
平井 菜未,鈴木 徹,1
平田 勤,松本 邦男,1
平田 勤,柳田 藤治,1
平田 勤,羽田 輝美,1
平田 勤,田島 和成,1
平田 勤,狩野 幸信,1
平田 勤,田中 準浩,1
平田 勤,田中 裕之,1
平田 勤,田仁 祥信,1
平田 勤,田代 道夫,1
平田 勤,田原 孝嗣,1
平田 勤,白石 真奈美,1
平田 勤,渋谷 泰子,1
平田 勤,矢野 幸男,1
平田 勤,石井 降幸,1
平田 勤,石原 和夫,1
平田 勤,神田 晃敬,1
平田 勤,秋山 裕一,1
平田 勤,竹村 成三,1
平田 勤,渡辺 正平,1
平田 勤,清水 理通,1
平田 勤,柴田 正人,1
平田 勤,水津 哲義,1
平田 勤,栃倉 辰六郎,1
平田 勤,桑平 秀夫,1
平田 勤,椎木 敏,1
平田 勤,榛葉 芳夫,1
平田 勤,横森 洋一,1
平田 勤,水品 圭司,1
平田 勤,永井 英雄,1
平田 勤,清水 文夫,1
岩田 深也,鍵本 佳孝,1
平田 勤,泉 禄郎,1
平田 勤,津田 孝範,1
平田 勤,浜地 正昭,1
平田 勤,浦野 直人,1
平田 勤,清水 健一,1
戸塚 昭,木曾 邦明,1
戸塚 昭,木村 與司雄,1
戸塚 昭,本間 伸夫,1
新村 洋一,横森 洋一,1
新村 洋一,柳田 藤治,1
新村 洋一,柴田 正人,1
新村 洋一,栃倉 辰六郎,1
新村 洋一,桑平 秀夫,1
新村 洋一,椎木 敏,1
新村 洋一,榛葉 芳夫,1
新村 洋一,水品 圭司,1
新村 洋一,松本 邦男,1
新村 洋一,水津 哲義,1
新村 洋一,永井 英雄,1
新村 洋一,永見 憲三,1
新村 洋一,泉 禄郎,1
新村 洋一,津田 孝範,1
新村 洋一,浜地 正昭,1
新村 洋一,林田 晋策,1
新村 洋一,松井 菊恵,1
新村 洋一,清水 健一,1
新山 拓男,森 将士,1
文 智渶,杉山 峰崇,1
文 智渶,松下 青葉,1
斎藤 久一,渡邉 誠衛,1
斎藤 久一,田口 隆信,1
斎藤 久一,石川 雄章,1
斎藤 久一,高橋 仁,1
新山 拓男,田邊 幾之助,1
新村 洋一,村 清司,1
新山 拓男,高橋 英司,1
新村 洋一,曽根 秀隆,1
新村 洋一,木曾 邦明,1
新村 洋一,木村 與司雄,1
新村 洋一,本間 伸夫,1
新村 洋一,本馬 健光,1
新村 洋一,浦野 直人,1
新村 洋一,清水 文夫,1
戸塚 昭,本馬 健光,1
新村 洋一,西村 顕,1
新村 洋一,舟橋 章,1
新村 洋一,若井 芳則,1
新村 洋一,蓼沼 誠,1
新村 洋一,藪内 精三,1
新村 洋一,西川 紀男,1
新村 洋一,西方 君恵,1
新村 洋一,赤尾 綾子,1
新村 洋一,羽田 輝美,1
新村 洋一,近藤 恭一,1
新村 洋一,野口 雅敏,1
新村 洋一,野本 秀正,1
新村 洋一,金田 弘挙,1
新村 洋一,鍵本 佳孝,1
新村 洋一,鎌田 耕造,1
新村 洋一,舘 博,1
新村 洋一,竹村 成三,1
新村 洋一,清水 理通,1
新村 洋一,田代 道夫,1
新村 洋一,渋谷 泰子,1
新村 洋一,渡辺 正平,1
新村 洋一,狩野 幸信,1
新村 洋一,田中 準浩,1
新村 洋一,田中 裕之,1
新村 洋一,田仁 祥信,1
新村 洋一,田原 孝嗣,1
新村 洋一,秋山 裕一,1
新村 洋一,田島 和成,1
新村 洋一,白石 真奈美,1
新村 洋一,矢野 幸男,1
新村 洋一,石井 降幸,1
新村 洋一,石原 和夫,1
新村 洋一,神田 晃敬,1
数岡 孝幸,野地 秀和,1
数岡 孝幸,萩原 葵,1
数岡 孝幸,武田 洸平,1
戸塚 昭,田中 準浩,1
戸塚 昭,浦野 直人,1
戸塚 昭,清水 文夫,1
戸塚 昭,清水 理通,1
戸塚 昭,渋谷 泰子,1
戸塚 昭,渡辺 正平,1
戸塚 昭,狩野 幸信,1
戸塚 昭,田中 裕之,1
戸塚 昭,津田 孝範,1
戸塚 昭,田仁 祥信,1
戸塚 昭,田代 道夫,1
戸塚 昭,田原 孝嗣,1
戸塚 昭,田島 和成,1
戸塚 昭,白石 真奈美,1
戸塚 昭,矢野 幸男,1
戸塚 昭,浜地 正昭,1
戸塚 昭,泉 禄郎,1
押田 明成,篠原 隆,1
戸塚 昭,栃倉 辰六郎,1
戸塚 昭,村 清司,1
戸塚 昭,松井 菊恵,1
戸塚 昭,松本 邦男,1
戸塚 昭,林田 晋策,1
戸塚 昭,柳田 藤治,1
戸塚 昭,柴田 正人,1
戸塚 昭,桑平 秀夫,1
戸塚 昭,永見 憲三,1
戸塚 昭,梅田 紀彦,1
戸塚 昭,椎木 敏,1
戸塚 昭,榛葉 芳夫,1
戸塚 昭,水品 圭司,1
戸塚 昭,水津 哲義,1
戸塚 昭,永井 英雄,1
戸塚 昭,石井 降幸,1
戸塚 昭,石原 和夫,1
戸塚 昭,神田 晃敬,1
戸塚 昭,馬場 茂,1
戸塚 昭,鍵本 佳孝,1
戸塚 昭,鎌田 耕造,1
戸塚 昭,長尾 敬一,1
戸塚 昭,雨宮 秀仁,1
戸塚 昭,飯村 穰,1
戸塚 昭,飯野 修一,1
戸塚 昭,高宮 義治,1
戸塚 昭,福田 整,1
戸塚 昭,高尾 享司,1
戸塚 昭,高橋 利郎,1
戸塚 昭,高橋 康次郎,1
戸塚 昭,高橋 順子,1
戸塚 昭,鴇田 恵子,1
押田 明成,柳田 藤寿,1
戸塚 昭,金田 弘挙,1
戸塚 昭,野本 秀正,1
戸塚 昭,野口 雅敏,1
戸塚 昭,近藤 恭一,1
戸塚 昭,赤尾 綾子,1
戸塚 昭,角田 朝子,1
戸塚 昭,西村 顕,1
戸塚 昭,西方 君恵,1
戸塚 昭,西川 紀男,1
戸塚 昭,藪内 精三,1
戸塚 昭,蓼沼 誠,1
戸塚 昭,若井 芳則,1
戸塚 昭,舟橋 章,1
戸塚 昭,舘 博,1
戸塚 昭,羽田 輝美,1
戸塚 昭,竹村 成三,1
戸塚 昭,秋山 裕一,1
岩田 深也,鎌田 耕造,1
岩田 深也,柴田 正人,1
岩田 深也,金田 弘挙,1
小野 美代子,永見 憲三,1
小野 章夫,西村 顕,1
小野 章夫,赤尾 綾子,1
小野 章夫,近藤 恭一,1
小野 章夫,野口 雅敏,1
小野 章夫,野本 秀正,1
小野 章夫,金田 弘挙,1
小野 章夫,鍵本 佳孝,1
小野 章夫,鎌田 耕造,1
小野 章夫,長尾 敬一,1
小野 章夫,飯村 穰,1
小野 章夫,飯野 修一,1
小野 章夫,馬場 茂,1
小野 章夫,高尾 享司,1
小野 章夫,高橋 利郎,1
小野 章夫,高橋 康次郎,1
小野 章夫,西方 君恵,1
小野 章夫,西川 紀男,1
小野 章夫,藪内 精三,1
小野 章夫,石原 和夫,1
小野 章夫,田代 道夫,1
小野 章夫,田原 孝嗣,1
小野 章夫,田島 和成,1
小野 章夫,白石 真奈美,1
小野 章夫,矢野 幸男,1
小野 章夫,石井 降幸,1
小野 章夫,神田 晃敬,1
小野 章夫,蓼沼 誠,1
小野 章夫,秋山 裕一,1
小野 章夫,竹村 成三,1
小野 章夫,羽田 輝美,1
小野 章夫,舘 博,1
小野 章夫,舟橋 章,1
小野 章夫,若井 芳則,1
小野 章夫,高橋 順子,1
小野 章夫,鴇田 恵子,1
小野 美代子,尾形 智夫,1
小野 美代子,柴田 正人,1
小野 美代子,本馬 健光,1
小野 美代子,村 清司,1
小野 美代子,松井 菊恵,1
小野 美代子,松本 邦男,1
小野 美代子,林田 晋策,1
小野 美代子,柳田 藤治,1
小野 美代子,栃倉 辰六郎,1
小野 美代子,木村 與司雄,1
小野 美代子,桑平 秀夫,1
小野 美代子,椎木 敏,1
小野 美代子,榛葉 芳夫,1
小野 美代子,横森 洋一,1
小野 美代子,水品 圭司,1
小野 美代子,水津 哲義,1
小野 美代子,本間 伸夫,1
小野 美代子,木曾 邦明,1
小野 美代子,山下 伸雄,1
小野 美代子,島津 武,1
小野 美代子,岡崎 直人,1
小野 美代子,岡本 竹己,1
小野 美代子,岡田 早苗,1
小野 美代子,岩本 将稔,1
小野 美代子,岩田 深也,1
小野 美代子,岩野 君夫,1
小野 美代子,川合 菜穂美,1
小野 美代子,曽根 秀隆,1
小野 美代子,川戸 章嗣,1
小野 美代子,市川 英治,1
小野 美代子,布川 弥太郎,1
小野 美代子,平田 勤,1
小野 美代子,戸塚 昭,1
小野 美代子,新村 洋一,1
小野 章夫,田仁 祥信,1
小野 章夫,田中 裕之,1
小野 章夫,田中 準浩,1
小野 章夫,山下 伸雄,1
小西 康夫,高橋 利郎,1
小西 康夫,高橋 康次郎,1
小西 康夫,高橋 順子,1
小西 康夫,鴇田 恵子,1
小野 章夫,小野 美代子,1
小野 章夫,尾形 智夫,1
小野 章夫,岡崎 直人,1
小西 康夫,馬場 茂,1
小野 章夫,岡本 竹己,1
小野 章夫,岡田 早苗,1
小野 章夫,岩本 将稔,1
小野 章夫,岩田 深也,1
小野 章夫,岩野 君夫,1
小野 章夫,島津 武,1
小西 康夫,高尾 享司,1
小西 康夫,飯野 修一,1
小野 章夫,川戸 章嗣,1
小西 康夫,赤尾 綾子,1
小西 康夫,舟橋 章,1
小西 康夫,蓼沼 誠,1
小西 康夫,藪内 精三,1
小西 康夫,西川 紀男,1
小西 康夫,西方 君恵,1
小西 康夫,西村 顕,1
小西 康夫,近藤 恭一,1
小西 康夫,飯村 穰,1
小西 康夫,野口 雅敏,1
小西 康夫,野本 秀正,1
小西 康夫,金田 弘挙,1
小西 康夫,鍵本 佳孝,1
小西 康夫,鎌田 耕造,1
小西 康夫,長尾 敬一,1
小野 章夫,川合 菜穂美,1
小野 章夫,市川 英治,1
小野 章夫,狩野 幸信,1
小野 章夫,津田 孝範,1
小野 章夫,横森 洋一,1
小野 章夫,水品 圭司,1
小野 章夫,水津 哲義,1
小野 章夫,永井 英雄,1
小野 章夫,永見 憲三,1
小野 章夫,泉 禄郎,1
小野 章夫,浜地 正昭,1
小野 章夫,椎木 敏,1
小野 章夫,浦野 直人,1
小野 章夫,清水 健一,1
小野 章夫,清水 文夫,1
小野 章夫,清水 理通,1
小野 章夫,渋谷 泰子,1
小野 章夫,渡辺 正平,1
小野 章夫,榛葉 芳夫,1
小野 章夫,桑平 秀夫,1
小野 章夫,布川 弥太郎,1
小野 章夫,本間 伸夫,1
小野 章夫,平田 勤,1
小野 章夫,戸塚 昭,1
小野 章夫,新村 洋一,1
小野 章夫,曽根 秀隆,1
小野 章夫,木曾 邦明,1
小野 章夫,木村 與司雄,1
小野 章夫,本馬 健光,1
小野 章夫,栃倉 辰六郎,1
小野 章夫,村 清司,1
小野 章夫,松井 菊恵,1
小野 章夫,松本 邦男,1
小野 章夫,林田 晋策,1
小野 章夫,柳田 藤治,1
小野 章夫,柴田 正人,1
小野 美代子,永井 英雄,1
小野 美代子,泉 禄郎,1
岩田 深也,野本 秀正,1
小野 美代子,津田 孝範,1
尾形 智夫,桑平 秀夫,1
尾形 智夫,椎木 敏,1
尾形 智夫,榛葉 芳夫,1
尾形 智夫,横森 洋一,1
尾形 智夫,水品 圭司,1
尾形 智夫,水津 哲義,1
尾形 智夫,永井 英雄,1
尾形 智夫,永見 憲三,1
尾形 智夫,泉 禄郎,1
尾形 智夫,津田 孝範,1
尾形 智夫,浜地 正昭,1
尾形 智夫,浦野 直人,1
尾形 智夫,清水 健一,1
尾形 智夫,清水 文夫,1
尾形 智夫,清水 理通,1
尾形 智夫,栃倉 辰六郎,1
尾形 智夫,柴田 正人,1
尾形 智夫,柳田 藤治,1
尾形 智夫,曽根 秀隆,1
尾形 智夫,川戸 章嗣,1
尾形 智夫,市川 英治,1
尾形 智夫,布川 弥太郎,1
尾形 智夫,平田 勤,1
尾形 智夫,戸塚 昭,1
尾形 智夫,新村 洋一,1
尾形 智夫,木曾 邦明,1
尾形 智夫,林田 晋策,1
尾形 智夫,木村 與司雄,1
尾形 智夫,本間 伸夫,1
尾形 智夫,本馬 健光,1
尾形 智夫,村 清司,1
尾形 智夫,松井 菊恵,1
尾形 智夫,松本 邦男,1
尾形 智夫,渋谷 泰子,1
尾形 智夫,渡辺 正平,1
尾形 智夫,狩野 幸信,1
尾形 智夫,野本 秀正,1
尾形 智夫,西川 紀男,1
尾形 智夫,西方 君恵,1
尾形 智夫,西村 顕,1
尾形 智夫,赤尾 綾子,1
尾形 智夫,近藤 恭一,1
尾形 智夫,野口 雅敏,1
尾形 智夫,金田 弘挙,1
尾形 智夫,蓼沼 誠,1
尾形 智夫,鍵本 佳孝,1
尾形 智夫,鎌田 耕造,1
尾形 智夫,長尾 敬一,1
尾形 智夫,飯村 穰,1
尾形 智夫,飯野 修一,1
尾形 智夫,馬場 茂,1
尾形 智夫,藪内 精三,1
尾形 智夫,若井 芳則,1
尾形 智夫,田中 準浩,1
尾形 智夫,矢野 幸男,1
尾形 智夫,田中 裕之,1
尾形 智夫,田仁 祥信,1
尾形 智夫,田代 道夫,1
尾形 智夫,田原 孝嗣,1
尾形 智夫,田島 和成,1
尾形 智夫,白石 真奈美,1
尾形 智夫,石井 降幸,1
尾形 智夫,舟橋 章,1
尾形 智夫,石原 和夫,1
尾形 智夫,神田 晃敬,1
尾形 智夫,秋山 裕一,1
尾形 智夫,竹村 成三,1
尾形 智夫,羽田 輝美,1
尾形 智夫,舘 博,1
尾形 智夫,川合 菜穂美,1
尾形 智夫,島津 武,1
尾形 智夫,岩野 君夫,1
小野 美代子,若井 芳則,1
小野 美代子,神田 晃敬,1
小野 美代子,秋山 裕一,1
小野 美代子,竹村 成三,1
小野 美代子,羽田 輝美,1
小野 美代子,舘 博,1
小野 美代子,舟橋 章,1
小野 美代子,蓼沼 誠,1
小野 美代子,石井 降幸,1
小野 美代子,藪内 精三,1
小野 美代子,西川 紀男,1
小野 美代子,西方 君恵,1
小野 美代子,西村 顕,1
小野 美代子,赤尾 綾子,1
小野 美代子,近藤 恭一,1
小野 美代子,石原 和夫,1
小野 美代子,矢野 幸男,1
小野 美代子,野本 秀正,1
小野 美代子,渡辺 正平,1
小野 美代子,浜地 正昭,1
小野 美代子,浦野 直人,1
小野 美代子,清水 健一,1
小野 美代子,清水 文夫,1
小野 美代子,清水 理通,1
小野 美代子,渋谷 泰子,1
小野 美代子,狩野 幸信,1
小野 美代子,白石 真奈美,1
小野 美代子,田中 準浩,1
小野 美代子,田中 裕之,1
小野 美代子,田仁 祥信,1
小野 美代子,田代 道夫,1
小野 美代子,田原 孝嗣,1
小野 美代子,田島 和成,1
小野 美代子,野口 雅敏,1
小野 美代子,金田 弘挙,1
尾形 智夫,岩田 深也,1
尾崎 綾子,木田 建次,1
小関 敏彦,菅原 哲也,1
小関 敏彦,鈴木 弥兵衛,1
小関 敏彦,須貝 智,1
小髙 敦史,森本（榊原） 舞子,1
小髙 敦史,渡邊 賢明,1
小髙 敦史,葛西 寛一,1
尾崎 綾子,森村 茂,1
小関 敏彦,布宮 雅昭,1
尾崎 綾子,湯 岳琴,1
尾形 智夫,山下 伸雄,1
尾形 智夫,岡崎 直人,1
尾形 智夫,岡本 竹己,1
尾形 智夫,岡田 早苗,1
尾形 智夫,岩本 将稔,1
小関 敏彦,石垣 浩佳,1
小関 敏彦,工藤 晋平,1
小野 美代子,鍵本 佳孝,1
小野 美代子,高橋 利郎,1
小野 美代子,鎌田 耕造,1
小野 美代子,長尾 敬一,1
小野 美代子,飯村 穰,1
小野 美代子,飯野 修一,1
小野 美代子,馬場 茂,1
小野 美代子,高尾 享司,1
小野 美代子,高橋 康次郎,1
小関 卓也,荒巻 功,1
小野 美代子,高橋 順子,1
小野 美代子,鴇田 恵子,1
小金丸 和義,村田 晃,1
小関 卓也,我部 政晴,1
小関 卓也,橋爪 克己,1
小関 卓也,米原 由希,1
小西 康夫,舘 博,1
小西 康夫,羽田 輝美,1
小西 康夫,竹村 成三,1
小西 康夫,秋山 裕一,1
小林 有一,神田 晃敬,1
小林 有一,秋山 裕一,1
小林 有一,竹村 成三,1
小林 有一,羽田 輝美,1
小林 有一,舘 博,1
小林 有一,舟橋 章,1
小林 有一,若井 芳則,1
小林 有一,蓼沼 誠,1
小林 有一,藪内 精三,1
小林 有一,西川 紀男,1
小林 有一,西方 君恵,1
小林 有一,西村 顕,1
小林 有一,赤尾 綾子,1
小林 有一,近藤 恭一,1
小林 有一,野口 雅敏,1
小林 有一,石原 和夫,1
小林 有一,石井 降幸,1
小林 有一,矢野 幸男,1
小林 有一,渡辺 正平,1
小林 有一,浜地 正昭,1
小林 有一,浦野 直人,1
小林 有一,清水 健一,1
小林 有一,清水 文夫,1
小林 有一,清水 理通,1
小林 有一,渋谷 泰子,1
小林 有一,狩野 幸信,1
小林 有一,白石 真奈美,1
小林 有一,田中 準浩,1
小林 有一,田中 裕之,1
小林 有一,田仁 祥信,1
小林 有一,田代 道夫,1
小林 有一,田原 孝嗣,1
小林 有一,田島 和成,1
小林 有一,野本 秀正,1
小林 有一,金田 弘挙,1
小林 有一,鍵本 佳孝,1
小泉 幸道,岩野 君夫,1
小泉 幸道,山下 伸雄,1
小泉 幸道,岡崎 直人,1
小泉 幸道,岡本 竹己,1
小泉 幸道,岡田 早苗,1
小泉 幸道,岩本 将稔,1
小泉 幸道,岩田 深也,1
小泉 幸道,島津 武,1
小泉 幸道,小野 美代子,1
小泉 幸道,川合 菜穂美,1
小泉 幸道,川戸 章嗣,1
小泉 幸道,市川 英治,1
小泉 幸道,布川 弥太郎,1
小泉 幸道,平田 勤,1
小泉 幸道,戸塚 昭,1
小泉 幸道,尾形 智夫,1
小泉 幸道,小野 章夫,1
小林 有一,鎌田 耕造,1
小林 有一,高橋 康次郎,1
小林 有一,長尾 敬一,1
小林 有一,飯村 穰,1
小林 有一,飯野 修一,1
小林 有一,馬場 茂,1
小林 有一,高尾 享司,1
小林 有一,高橋 利郎,1
小林 有一,高橋 順子,1
小泉 幸道,小西 康夫,1
小林 有一,鴇田 恵子,1
小林 武一,徳満 健二,1
小林 武一,新山 拓男,1
小林 武一,森 将士,1
小林 武一,田邊 幾之助,1
小林 武一,高橋 英司,1
小林 有一,津田 孝範,1
小林 有一,泉 禄郎,1
小林 有一,永見 憲三,1
小林 信也,馬場 茂,1
小林 信也,金田 弘挙,1
小林 信也,鍵本 佳孝,1
小林 信也,鎌田 耕造,1
小林 信也,長尾 敬一,1
小林 信也,飯村 穰,1
小林 信也,飯野 修一,1
小林 信也,高尾 享司,1
小林 信也,野口 雅敏,1
小林 信也,高橋 利郎,1
小林 信也,高橋 康次郎,1
小林 信也,高橋 順子,1
小林 信也,鴇田 恵子,1
小林 有一,小泉 幸道,1
小林 有一,小西 康夫,1
小林 信也,野本 秀正,1
小林 信也,近藤 恭一,1
小林 有一,小野 美代子,1
小林 信也,舘 博,1
小林 信也,石井 降幸,1
小林 信也,石原 和夫,1
小林 信也,神田 晃敬,1
小林 信也,秋山 裕一,1
小林 信也,竹村 成三,1
小林 信也,羽田 輝美,1
小林 信也,舟橋 章,1
小林 信也,赤尾 綾子,1
小林 信也,若井 芳則,1
小林 信也,蓼沼 誠,1
小林 信也,藪内 精三,1
小林 信也,西川 紀男,1
小林 信也,西方 君恵,1
小林 信也,西村 顕,1
小林 有一,小野 章夫,1
小林 有一,尾形 智夫,1
小林 有一,永井 英雄,1
小林 有一,柴田 正人,1
小林 有一,本馬 健光,1
小林 有一,村 清司,1
小林 有一,松井 菊恵,1
小林 有一,松本 邦男,1
小林 有一,林田 晋策,1
小林 有一,柳田 藤治,1
小林 有一,栃倉 辰六郎,1
小林 有一,木村 與司雄,1
小林 有一,桑平 秀夫,1
小林 有一,椎木 敏,1
小林 有一,榛葉 芳夫,1
小林 有一,横森 洋一,1
小林 有一,水品 圭司,1
小林 有一,水津 哲義,1
小林 有一,本間 伸夫,1
小林 有一,木曾 邦明,1
小林 有一,山下 伸雄,1
小林 有一,島津 武,1
小林 有一,岡崎 直人,1
小林 有一,岡本 竹己,1
小林 有一,岡田 早苗,1
小林 有一,岩本 将稔,1
小林 有一,岩田 深也,1
小林 有一,岩野 君夫,1
小林 有一,川合 菜穂美,1
小林 有一,曽根 秀隆,1
小林 有一,川戸 章嗣,1
小林 有一,市川 英治,1
小林 有一,布川 弥太郎,1
小林 有一,平田 勤,1
小林 有一,戸塚 昭,1
小林 有一,新村 洋一,1
小泉 幸道,新村 洋一,1
小泉 幸道,曽根 秀隆,1
小泉 幸道,木曾 邦明,1
小西 康夫,平田 勤,1
小西 康夫,岩野 君夫,1
小西 康夫,島津 武,1
小西 康夫,川合 菜穂美,1
小西 康夫,川戸 章嗣,1
小西 康夫,市川 英治,1
小西 康夫,布川 弥太郎,1
小西 康夫,戸塚 昭,1
小西 康夫,岩本 将稔,1
小西 康夫,新村 洋一,1
小西 康夫,曽根 秀隆,1
小西 康夫,木曾 邦明,1
小西 康夫,木村 與司雄,1
小西 康夫,本間 伸夫,1
小西 康夫,本馬 健光,1
小西 康夫,岩田 深也,1
小西 康夫,岡田 早苗,1
小西 康夫,松井 菊恵,1
小田 淳史,山崎 努,1
小澤 俊治,後藤 昭二,1
小澤 敦揮,山﨑 栄次,1
小澤 敦揮,赤尾 健,1
小玉 健太郎,柳田 藤寿,1
小玉 健太郎,篠原 隆,1
小田 佳緒子,高橋 康次郎,1
小田 淳史,末永 光,1
小西 康夫,岡本 竹己,1
小田 淳史,満生 慎二,1
小西 康夫,小野 章夫,1
小西 康夫,小野 美代子,1
小西 康夫,尾形 智夫,1
小西 康夫,山下 伸雄,1
小西 康夫,岡崎 直人,1
小西 康夫,村 清司,1
小西 康夫,松本 邦男,1
小浜 恵子,櫻井 廣,1
小西 康夫,田仁 祥信,1
小西 康夫,清水 理通,1
小西 康夫,渋谷 泰子,1
小西 康夫,渡辺 正平,1
小西 康夫,狩野 幸信,1
小西 康夫,田中 準浩,1
小西 康夫,田中 裕之,1
小西 康夫,田代 道夫,1
小西 康夫,清水 健一,1
小西 康夫,田原 孝嗣,1
小西 康夫,田島 和成,1
小西 康夫,矢野 幸男,1
小西 康夫,石井 降幸,1
小西 康夫,石原 和夫,1
小西 康夫,神田 晃敬,1
小西 康夫,清水 文夫,1
小西 康夫,清川 良文,1
小西 康夫,林田 晋策,1
小西 康夫,横森 洋一,1
小西 康夫,柳田 藤治,1
小西 康夫,柴田 正人,1
小西 康夫,栃倉 辰六郎,1
小西 康夫,桑平 秀夫,1
小西 康夫,椎木 敏,1
小西 康夫,榛葉 芳夫,1
小西 康夫,水品 圭司,1
小西 康夫,浦野 直人,1
小西 康夫,水津 哲義,1
小西 康夫,永井 英雄,1
小西 康夫,永見 憲三,1
小西 康夫,泉 禄郎,1
小西 康夫,津田 孝範,1
小西 康夫,浜地 正昭,1
小浜 恵子,米倉 裕一,1
小浜 恵子,山本 忠,1
小泉 幸道,木村 與司雄,1
小泉 幸道,渡辺 正平,1
小泉 幸道,浜地 正昭,1
小泉 幸道,浦野 直人,1
小泉 幸道,清水 健一,1
小泉 幸道,清水 文夫,1
小泉 幸道,清水 理通,1
小泉 幸道,渋谷 泰子,1
小泉 幸道,狩野 幸信,1
小泉 幸道,泉 禄郎,1
小泉 幸道,田中 準浩,1
小泉 幸道,田中 裕之,1
小泉 幸道,田仁 祥信,1
小泉 幸道,田代 道夫,1
小泉 幸道,田原 孝嗣,1
小泉 幸道,田島 和成,1
小泉 幸道,津田 孝範,1
小泉 幸道,永見 憲三,1
小泉 幸道,矢野 幸男,1
小泉 幸道,柴田 正人,1
小泉 幸道,本間 伸夫,1
小泉 幸道,本馬 健光,1
小泉 幸道,松井 菊恵,1
小泉 幸道,松本 邦男,1
小泉 幸道,林田 晋策,1
小泉 幸道,柳田 藤治,1
小泉 幸道,栃倉 辰六郎,1
小泉 幸道,永井 英雄,1
小泉 幸道,桑平 秀夫,1
小泉 幸道,椎木 敏,1
小泉 幸道,榛葉 芳夫,1
小泉 幸道,横森 洋一,1
小泉 幸道,水品 圭司,1
小泉 幸道,水津 哲義,1
小泉 幸道,白石 真奈美,1
小泉 幸道,石井 降幸,1
小泉 淳一,鈴木 市郎,1
小泉 幸道,高橋 利郎,1
小泉 幸道,鎌田 耕造,1
小泉 幸道,長尾 敬一,1
小泉 幸道,飯村 穰,1
小泉 幸道,飯野 修一,1
小泉 幸道,馬場 茂,1
小泉 幸道,高尾 享司,1
小泉 幸道,高橋 康次郎,1
小泉 幸道,金田 弘挙,1
小泉 幸道,高橋 順子,1
小泉 幸道,鴇田 恵子,1
小泉 武夫,服部 一成,1
小泉 武夫,角田 潔和,1
小泉 武夫,進藤 斉,1
小泉 淳一,武田 穣,1
小泉 幸道,鍵本 佳孝,1
小泉 幸道,野本 秀正,1
小泉 幸道,石原 和夫,1
小泉 幸道,若井 芳則,1
小泉 幸道,神田 晃敬,1
小泉 幸道,秋山 裕一,1
小泉 幸道,竹村 成三,1
小泉 幸道,羽田 輝美,1
小泉 幸道,舘 博,1
小泉 幸道,舟橋 章,1
小泉 幸道,蓼沼 誠,1
小泉 幸道,野口 雅敏,1
小泉 幸道,藪内 精三,1
小泉 幸道,西川 紀男,1
小泉 幸道,西方 君恵,1
小泉 幸道,西村 顕,1
小泉 幸道,赤尾 綾子,1
小泉 幸道,近藤 恭一,1
尾形 智夫,高尾 享司,1
尾形 智夫,高橋 利郎,1
尾形 智夫,高橋 康次郎,1
岡本 竹己,清水 理通,1
岡田 早苗,石原 和夫,1
岡田 早苗,神田 晃敬,1
岡田 早苗,秋山 裕一,1
岡田 早苗,竹村 成三,1
岡田 早苗,羽田 輝美,1
岡田 早苗,舘 博,1
岡田 早苗,舟橋 章,1
岡田 早苗,若井 芳則,1
岡田 早苗,蓼沼 誠,1
岡田 早苗,藪内 精三,1
岡田 早苗,西川 紀男,1
岡田 早苗,西方 君恵,1
岡田 早苗,西村 顕,1
岡田 早苗,赤尾 綾子,1
岡田 早苗,近藤 恭一,1
岡田 早苗,石井 降幸,1
岡田 早苗,矢野 幸男,1
岡田 早苗,白石 真奈美,1
岡田 早苗,渋谷 泰子,1
岡田 早苗,津田 孝範,1
岡田 早苗,浜地 正昭,1
岡田 早苗,浦野 直人,1
岡田 早苗,清水 健一,1
岡田 早苗,清水 文夫,1
岡田 早苗,清水 理通,1
岡田 早苗,渡辺 正平,1
岡田 早苗,田島 和成,1
岡田 早苗,狩野 幸信,1
岡田 早苗,田中 準浩,1
岡田 早苗,田中 裕之,1
岡田 早苗,田仁 祥信,1
岡田 早苗,田代 道夫,1
岡田 早苗,田原 孝嗣,1
岡田 早苗,野口 雅敏,1
岡田 早苗,野本 秀正,1
岡田 早苗,金田 弘挙,1
岩本 将稔,岩野 君夫,1
岩下 和裕,藤田 晃子,1
岩下 和裕,角田 朝子,1
岩下 和裕,遠藤 路子,1
岩下 和裕,須藤 茂俊,1
岩下 和裕,高宮 義治,1
岩本 将稔,岩田 深也,1
岩本 将稔,島津 武,1
岩下 和裕,神田 涼子,1
岩本 将稔,川合 菜穂美,1
岩本 将稔,川戸 章嗣,1
岩本 将稔,市川 英治,1
岩本 将稔,布川 弥太郎,1
岩本 将稔,平田 勤,1
岩本 将稔,戸塚 昭,1
岩下 和裕,福田 整,1
岩下 和裕,磯谷 敦子,1
岡田 早苗,鍵本 佳孝,1
岡田 早苗,高橋 利郎,1
岡田 早苗,鎌田 耕造,1
岡田 早苗,長尾 敬一,1
岡田 早苗,飯村 穰,1
岡田 早苗,飯野 修一,1
岡田 早苗,馬場 茂,1
岡田 早苗,高尾 享司,1
岡田 早苗,高橋 康次郎,1
岩下 和裕,梅田 紀彦,1
岡田 早苗,高橋 順子,1
岡田 早苗,鴇田 恵子,1
岩下 和裕,岩田 博,1
岩下 和裕,岸 伸彦,1
岩下 和裕,後藤(山本) 奈美,1
岩下 和裕,戸塚 昭,1
岡田 早苗,泉 禄郎,1
岡田 早苗,永見 憲三,1
岡田 早苗,永井 英雄,1
岡本 竹己,赤尾 綾子,1
岡本 竹己,若井 芳則,1
岡本 竹己,蓼沼 誠,1
岡本 竹己,藪内 精三,1
岡本 竹己,西川 紀男,1
岡本 竹己,西方 君恵,1
岡本 竹己,西村 顕,1
岡本 竹己,近藤 恭一,1
岡本 竹己,舘 博,1
岡本 竹己,野口 雅敏,1
岡本 竹己,野本 秀正,1
岡本 竹己,金田 弘挙,1
岡本 竹己,鍵本 佳孝,1
岡本 竹己,鎌田 耕造,1
岡本 竹己,長尾 敬一,1
岡本 竹己,舟橋 章,1
岡本 竹己,羽田 輝美,1
岡本 竹己,飯野 修一,1
岡本 竹己,田原 孝嗣,1
岡本 竹己,渡辺 正平,1
岡本 竹己,狩野 幸信,1
岡本 竹己,田中 準浩,1
岡本 竹己,田中 裕之,1
岡本 竹己,田仁 祥信,1
岡本 竹己,田代 道夫,1
岡本 竹己,田島 和成,1
岡本 竹己,竹村 成三,1
岡本 竹己,白石 真奈美,1
岡本 竹己,矢野 幸男,1
岡本 竹己,石井 降幸,1
岡本 竹己,石原 和夫,1
岡本 竹己,神田 晃敬,1
岡本 竹己,秋山 裕一,1
岡本 竹己,飯村 穰,1
岡本 竹己,馬場 茂,1
岡田 早苗,水津 哲義,1
岡田 早苗,柳田 藤治,1
岡田 早苗,本間 伸夫,1
岡田 早苗,本馬 健光,1
岡田 早苗,村 清司,1
岡田 早苗,松井 菊恵,1
岡田 早苗,松本 邦男,1
岡田 早苗,林田 晋策,1
岡田 早苗,柴田 正人,1
岡田 早苗,木曾 邦明,1
岡田 早苗,栃倉 辰六郎,1
岡田 早苗,桑平 秀夫,1
岡田 早苗,椎木 敏,1
岡田 早苗,榛葉 芳夫,1
岡田 早苗,横森 洋一,1
岡田 早苗,水品 圭司,1
岡田 早苗,木村 與司雄,1
岡田 早苗,曽根 秀隆,1
岡本 竹己,高尾 享司,1
岡田 早苗,岩野 君夫,1
岡本 竹己,高橋 利郎,1
岡本 竹己,高橋 康次郎,1
岡本 竹己,高橋 順子,1
岡本 竹己,鴇田 恵子,1
岡田 早苗,岩本 将稔,1
岡田 早苗,岩田 深也,1
岡田 早苗,島津 武,1
岡田 早苗,新村 洋一,1
岡田 早苗,川合 菜穂美,1
岡田 早苗,川戸 章嗣,1
岡田 早苗,市川 英治,1
岡田 早苗,布川 弥太郎,1
岡田 早苗,平田 勤,1
岡田 早苗,戸塚 昭,1
岩本 将稔,新村 洋一,1
岩本 将稔,曽根 秀隆,1
岩本 将稔,木曾 邦明,1
岩田 深也,栃倉 辰六郎,1
岩田 深也,村 清司,1
岩田 深也,松井 菊恵,1
岩田 深也,松本 邦男,1
岩田 深也,林田 晋策,1
岩田 深也,柳田 藤治,1
本間 伸夫,羽田 輝美,1
岩田 深也,桑平 秀夫,1
岩田 深也,本間 伸夫,1
岩田 深也,椎木 敏,1
岩田 深也,榛葉 芳夫,1
岩田 深也,横森 洋一,1
岩田 深也,水品 圭司,1
岩田 深也,水津 哲義,1
岩田 深也,永井 英雄,1
岩田 深也,本馬 健光,1
岩田 深也,木村 與司雄,1
岩田 深也,泉 禄郎,1
岩田 深也,川合 菜穂美,1
岩田 博,神田 涼子,1
岩田 博,藤田 晃子,1
岩田 博,遠藤 路子,1
岩田 博,須藤 茂俊,1
岩田 深也,岩野 君夫,1
岩田 深也,島津 武,1
岩田 深也,川戸 章嗣,1
岩田 深也,木曾 邦明,1
岩田 深也,市川 英治,1
岩田 深也,布川 弥太郎,1
岩田 深也,平田 勤,1
岩田 深也,戸塚 昭,1
岩田 深也,新村 洋一,1
岩田 深也,曽根 秀隆,1
岩田 深也,永見 憲三,1
岩田 深也,津田 孝範,1
岩瀬 利徳,高田 明,1
岩田 深也,蓼沼 誠,1
岩田 深也,秋山 裕一,1
岩田 深也,竹村 成三,1
岩田 深也,羽田 輝美,1
岩田 深也,舘 博,1
岩田 深也,舟橋 章,1
岩田 深也,若井 芳則,1
岩田 深也,藪内 精三,1
岩田 深也,石原 和夫,1
岩田 深也,西川 紀男,1
岩田 深也,西方 君恵,1
岩田 深也,西村 顕,1
岩田 深也,赤尾 綾子,1
岩田 深也,近藤 恭一,1
岩田 深也,野口 雅敏,1
岩田 深也,神田 晃敬,1
岩田 深也,石井 降幸,1
岩田 深也,浜地 正昭,1
岩田 深也,狩野 幸信,1
岩田 深也,浦野 直人,1
岩田 深也,清水 健一,1
岩田 深也,清水 文夫,1
岩田 深也,清水 理通,1
岩田 深也,渋谷 泰子,1
岩田 深也,渡辺 正平,1
岩田 深也,田中 準浩,1
岩田 深也,矢野 幸男,1
岩田 深也,田中 裕之,1
岩田 深也,田仁 祥信,1
岩田 深也,田代 道夫,1
岩田 深也,田原 孝嗣,1
岩田 深也,田島 和成,1
岩田 深也,白石 真奈美,1
岩田 博,磯谷 敦子,1
岩瀬 利徳,渡邊 妙子,1
岩本 将稔,木村 與司雄,1
岩本 将稔,渋谷 泰子,1
岩本 将稔,津田 孝範,1
岩本 将稔,浜地 正昭,1
岩本 将稔,浦野 直人,1
岩本 将稔,清水 健一,1
岩本 将稔,清水 文夫,1
岩本 将稔,清水 理通,1
岩本 将稔,渡辺 正平,1
岩本 将稔,永見 憲三,1
岩本 将稔,狩野 幸信,1
岩本 将稔,田中 準浩,1
岩本 将稔,田中 裕之,1
岩本 将稔,田仁 祥信,1
岩本 将稔,田代 道夫,1
岩本 将稔,田原 孝嗣,1
岩本 将稔,泉 禄郎,1
岩本 将稔,永井 英雄,1
岩本 将稔,白石 真奈美,1
岩本 将稔,柳田 藤治,1
岩本 将稔,本間 伸夫,1
岩本 将稔,本馬 健光,1
岩本 将稔,村 清司,1
岩本 将稔,松井 菊恵,1
岩本 将稔,松本 邦男,1
岩本 将稔,林田 晋策,1
岩本 将稔,柴田 正人,1
岩本 将稔,水津 哲義,1
岩本 将稔,栃倉 辰六郎,1
岩本 将稔,桑平 秀夫,1
岩本 将稔,椎木 敏,1
岩本 将稔,榛葉 芳夫,1
岩本 将稔,横森 洋一,1
岩本 将稔,水品 圭司,1
岩本 将稔,田島 和成,1
岩本 将稔,矢野 幸男,1
岩瀬 利徳,曲渕 哲朗,1
岩本 将稔,高尾 享司,1
岩本 将稔,鍵本 佳孝,1
岩本 将稔,鎌田 耕造,1
岩本 将稔,長尾 敬一,1
岩本 将稔,飯村 穰,1
岩本 将稔,飯野 修一,1
岩本 将稔,馬場 茂,1
岩本 将稔,高橋 利郎,1
岩本 将稔,野本 秀正,1
岩本 将稔,高橋 康次郎,1
岩本 将稔,高橋 順子,1
岩本 将稔,鴇田 恵子,1
岩渕 正文,木曽 邦明,1
岩渕 正文,水野 昭博,1
岩渕 正文,高橋 利郎,1
岩本 将稔,金田 弘挙,1
岩本 将稔,野口 雅敏,1
岩本 将稔,石井 降幸,1
岩本 将稔,舟橋 章,1
岩本 将稔,石原 和夫,1
岩本 将稔,神田 晃敬,1
岩本 将稔,秋山 裕一,1
岩本 将稔,竹村 成三,1
岩本 将稔,羽田 輝美,1
岩本 将稔,舘 博,1
岩本 将稔,若井 芳則,1
岩本 将稔,近藤 恭一,1
岩本 将稔,蓼沼 誠,1
岩本 将稔,藪内 精三,1
岩本 将稔,西川 紀男,1
岩本 将稔,西方 君恵,1
岩本 将稔,西村 顕,1
岩本 将稔,赤尾 綾子,1
岡本 竹己,渋谷 泰子,1
岡本 竹己,清水 文夫,1
尾形 智夫,高橋 順子,1
岡本 竹己,清水 健一,1
山岡 洋,岩下 和裕,1
山岡 洋,岸 伸彦,1
山岡 洋,後藤(山本) 奈美,1
山岡 洋,戸塚 昭,1
山岡 洋,梅田 紀彦,1
山岡 洋,福田 整,1
山岡 洋,角田 朝子,1
山岡 洋,高宮 義治,1
山崎 努,末永 光,1
山崎 努,満生 慎二,1
山崎 豊彦,野々村 英夫,1
山崎 豊彦,金子 嘉信,1
山本 俊哉,永井 英雄,1
山本 俊哉,池上 勝,1
山本 俊哉,近藤 恭一,1
山岡 千鶴,山﨑 栄次,1
山口 進康,那須 正夫,1
山口 佑子,遠山 良,1
山下 伸雄,馬場 茂,1
山下 伸雄,鍵本 佳孝,1
山下 伸雄,鎌田 耕造,1
山下 伸雄,長尾 敬一,1
山下 伸雄,長谷 篤,1
山下 伸雄,飯村 穰,1
山下 伸雄,飯野 修一,1
山下 伸雄,高尾 享司,1
山口 佑子,米倉 裕一,1
山下 伸雄,高橋 利郎,1
山下 伸雄,高橋 康次郎,1
山下 伸雄,高橋 順子,1
山下 伸雄,鴇田 恵子,1
山下 順助,滝澤 行雄,1
山口 佑子,平野 高広,1
山本 俊哉,長谷 篤,1
山本 信城,山本 奈美,1
山本 信城,戸塚 昭,1
山田 修,岩田 博,1
山本 英樹,竹下 淳子,1
山本 英樹,藤原 絵美,1
山本 英樹,藤田 依里,1
山本 英樹,越智 洋,1
山本 英樹,高下 秀春,1
山田 修,岩下 和裕,1
山田 修,橋口 知一,1
山本 英樹,梶原 康博,1
山田 修,磯谷 敦子,1
山田 修,神田 涼子,1
山田 修,藤田 晃子,1
山田 修,遠藤 路子,1
山田 修,須藤 茂俊,1
山田 健一郎,岡崎 直人,1
山本 英樹,祝園 秀樹,1
山本 英樹,工藤 哲三,1
山本 信城,横森 洋一,1
山本 忠,櫻井 廣,1
山本 信城,清水 健一,1
山本 信城,雨宮 秀仁,1
山本 奈美,戸塚 昭,1
山本 奈美,横森 洋一,1
山本 奈美,清水 健一,1
山本 奈美,雨宮 秀仁,1
山本 忠,米倉 裕一,1
山本 泰,青木 武夫,1
山本 晃司,志水 元亨,1
山本 晃司,杉山 信之,1
山本 晃司,榊原 康彰,1
山本 晃司,船井 秀哉,1
山本 晃司,赤尾 健,1
山本 晃司,近藤 徹弥,1
山下 伸雄,金田 弘挙,1
山下 伸雄,野本 秀正,1
山下 伸雄,野口 雅敏,1
山下 伸雄,林田 晋策,1
山下 伸雄,木村 與司雄,1
山下 伸雄,本間 伸夫,1
山下 伸雄,本馬 健光,1
山下 伸雄,村 清司,1
山下 伸雄,松井 菊恵,1
山下 伸雄,松本 邦男,1
山下 伸雄,柳田 藤治,1
山下 伸雄,曽根 秀隆,1
山下 伸雄,柴田 正人,1
山下 伸雄,栃倉 辰六郎,1
山下 伸雄,桑平 秀夫,1
山下 伸雄,椎木 敏,1
山下 伸雄,榛葉 芳夫,1
山下 伸雄,横森 洋一,1
山下 伸雄,木曾 邦明,1
山下 伸雄,新村 洋一,1
山下 伸雄,水津 哲義,1
山下 伸雄,岩田 深也,1
尾形 智夫,鴇田 恵子,1
山下 伸雄,山本 俊哉,1
山下 伸雄,岡崎 直人,1
山下 伸雄,岡本 竹己,1
山下 伸雄,岡田 早苗,1
山下 伸雄,岩本 将稔,1
山下 伸雄,岩野 君夫,1
山下 伸雄,戸塚 昭,1
山下 伸雄,島津 武,1
山下 伸雄,川合 菜穂美,1
山下 伸雄,川戸 章嗣,1
山下 伸雄,市川 英治,1
山下 伸雄,布川 弥太郎,1
山下 伸雄,平田 勤,1
山下 伸雄,水品 圭司,1
山下 伸雄,永見 憲三,1
山下 伸雄,赤尾 綾子,1
山下 伸雄,舘 博,1
山下 伸雄,石井 降幸,1
山下 伸雄,石原 和夫,1
山下 伸雄,神田 晃敬,1
山下 伸雄,秋山 裕一,1
山下 伸雄,竹村 成三,1
山下 伸雄,羽田 輝美,1
山下 伸雄,舟橋 章,1
山下 伸雄,白石 真奈美,1
山下 伸雄,若井 芳則,1
山下 伸雄,蓼沼 誠,1
山下 伸雄,藪内 精三,1
山下 伸雄,西川 紀男,1
山下 伸雄,西方 君恵,1
山下 伸雄,西村 顕,1
山下 伸雄,矢野 幸男,1
山下 伸雄,田島 和成,1
山下 伸雄,池上 勝,1
山下 伸雄,清水 理通,1
山下 伸雄,泉 禄郎,1
山下 伸雄,津田 孝範,1
山下 伸雄,浜地 正昭,1
山下 伸雄,浦野 直人,1
山下 伸雄,清水 健一,1
山下 伸雄,清水 文夫,1
山下 伸雄,渋谷 泰子,1
山下 伸雄,田原 孝嗣,1
山下 伸雄,渡辺 正平,1
山下 伸雄,狩野 幸信,1
山下 伸雄,田中 準浩,1
山下 伸雄,田中 裕之,1
山下 伸雄,田仁 祥信,1
山下 伸雄,田代 道夫,1
山田 健一郎,木崎 康造,1
山田 健一郎,杜 連祥,1
山田 健一郎,瀧田 正美,1
岡崎 直人,飯野 修一,1
岡崎 直人,野本 秀正,1
岡崎 直人,金田 弘挙,1
岡崎 直人,鍵本 佳孝,1
岡崎 直人,鎌田 耕造,1
岡崎 直人,長尾 敬一,1
岡崎 直人,飯村 穰,1
岡崎 直人,馬場 茂,1
岡崎 直人,近藤 恭一,1
岡崎 直人,高尾 享司,1
岡崎 直人,高橋 利郎,1
岡崎 直人,高橋 康次郎,1
岡崎 直人,高橋 順子,1
岡崎 直人,鴇田 恵子,1
岡本 巖,森 さおり,1
岡崎 直人,野口 雅敏,1
岡崎 直人,赤尾 綾子,1
岡本 竹己,岩本 将稔,1
岡崎 直人,舘 博,1
岡崎 直人,石井 降幸,1
岡崎 直人,石原 和夫,1
岡崎 直人,神田 晃敬,1
岡崎 直人,秋山 裕一,1
岡崎 直人,竹村 成三,1
岡崎 直人,羽田 輝美,1
岡崎 直人,舟橋 章,1
岡崎 直人,西村 顕,1
岡崎 直人,若井 芳則,1
岡崎 直人,荒巻 功,1
岡崎 直人,蓼沼 誠,1
岡崎 直人,藪内 精三,1
岡崎 直人,西川 紀男,1
岡崎 直人,西方 君恵,1
岡本 竹己,岡田 早苗,1
岡本 竹己,岩田 深也,1
岡崎 直人,相良 沙奈恵,1
岡本 竹己,水品 圭司,1
岡本 竹己,柴田 正人,1
岡本 竹己,栃倉 辰六郎,1
岡本 竹己,桑平 秀夫,1
岡本 竹己,椎木 敏,1
岡本 竹己,榛葉 芳夫,1
岡本 竹己,横森 洋一,1
岡本 竹己,水津 哲義,1
岡本 竹己,林田 晋策,1
岡本 竹己,永井 英雄,1
岡本 竹己,永見 憲三,1
岡本 竹己,泉 禄郎,1
岡本 竹己,津田 孝範,1
岡本 竹己,浜地 正昭,1
岡本 竹己,浦野 直人,1
岡本 竹己,柳田 藤治,1
岡本 竹己,松本 邦男,1
岡本 竹己,岩野 君夫,1
岡本 竹己,戸塚 昭,1
岡本 竹己,島津 武,1
岡本 竹己,川合 菜穂美,1
岡本 竹己,川戸 章嗣,1
岡本 竹己,市川 英治,1
岡本 竹己,布川 弥太郎,1
岡本 竹己,平田 勤,1
岡本 竹己,新村 洋一,1
岡本 竹己,松井 菊恵,1
岡本 竹己,曽根 秀隆,1
岡本 竹己,木曾 邦明,1
岡本 竹己,木村 與司雄,1
岡本 竹己,本間 伸夫,1
岡本 竹己,本馬 健光,1
岡本 竹己,村 清司,1
岡崎 直人,矢野 幸男,1
岡崎 直人,白石 真奈美,1
山田 健一郎,荒巻 功,1
岡崎 直人,平田 勤,1
岡崎 直人,岩野 君夫,1
岡崎 直人,島津 武,1
岡崎 直人,川合 菜穂美,1
岡崎 直人,川戸 章嗣,1
岡崎 直人,市川 英治,1
岡崎 直人,布川 弥太郎,1
岡崎 直人,後藤(山本) 奈美,1
岡崎 直人,岩本 将稔,1
岡崎 直人,戸塚 堅二郎,1
岡崎 直人,戸塚 昭,1
岡崎 直人,新村 洋一,1
岡崎 直人,曽根 秀隆,1
岡崎 直人,木曾 邦明,1
岡崎 直人,木村 與司雄,1
岡崎 直人,岩田 深也,1
岡崎 直人,岡田 早苗,1
岡崎 直人,本馬 健光,1
山田 耕路,西園 祥子,1
山田 康枝,後藤 邦康,1
山田 康枝,江口 将也,1
山田 康枝,須藤 茂俊,1
山田 翼,柴田 裕介,1
山田 翼,田中 伸哉,1
山田 翼,高橋 俊成,1
山﨑 栄次,栗田 修,1
岡崎 直人,岡本 竹己,1
山﨑 栄次,赤尾 健,1
山﨑 楓,山﨑 正夫,1
山﨑 楓,松浦 裕美,1
山﨑 楓,西山 和夫,1
山﨑 正夫,松浦 裕美,1
山﨑 正夫,西山 和夫,1
岡崎 直人,本間 伸夫,1
岡崎 直人,村 清司,1
岡崎 直人,田島 和成,1
岡崎 直人,瀧田 正美,1
岡崎 直人,清水 健一,1
岡崎 直人,清水 文夫,1
岡崎 直人,清水 理通,1
岡崎 直人,渋谷 泰子,1
岡崎 直人,渡辺 大輔,1
岡崎 直人,渡辺 正平,1
岡崎 直人,狩野 幸信,1
岡崎 直人,浜地 正昭,1
岡崎 直人,田中 準浩,1
岡崎 直人,田中 裕三,1
岡崎 直人,田中 裕之,1
岡崎 直人,田仁 祥信,1
岡崎 直人,田代 道夫,1
岡崎 直人,田原 孝嗣,1
岡崎 直人,浦野 直人,1
岡崎 直人,津田 孝範,1
岡崎 直人,杜 連祥,1
岡崎 直人,桑平 秀夫,1
岡崎 直人,松井 菊恵,1
岡崎 直人,松本 邦男,1
岡崎 直人,林田 晋策,1
岡崎 直人,柳田 藤治,1
岡崎 直人,柴田 正人,1
岡崎 直人,栃倉 辰六郎,1
岡崎 直人,椎木 敏,1
岡崎 直人,泉 禄郎,1
岡崎 直人,榛葉 芳夫,1
岡崎 直人,横森 洋一,1
岡崎 直人,水品 圭司,1
岡崎 直人,水津 哲義,1
岡崎 直人,永井 英雄,1
岡崎 直人,永見 憲三,1
本間 伸夫,竹村 成三,1
本馬 健光,田代 道夫,1
本間 伸夫,舘 博,1
田中 準浩,鎌田 耕造,1
田中 準浩,赤尾 綾子,1
田中 準浩,近藤 恭一,1
田中 準浩,野口 雅敏,1
田中 準浩,野本 秀正,1
田中 準浩,金田 弘挙,1
田中 準浩,鍵本 佳孝,1
田中 準浩,長尾 敬一,1
田中 準浩,西方 君恵,1
田中 準浩,飯村 穰,1
田中 準浩,飯野 修一,1
田中 準浩,馬場 茂,1
田中 準浩,高尾 享司,1
田中 準浩,高橋 利郎,1
田中 準浩,高橋 康次郎,1
田中 準浩,西村 顕,1
田中 準浩,西川 紀男,1
田中 準浩,鴇田 恵子,1
田中 準浩,石原 和夫,1
田中 準浩,田代 道夫,1
田中 準浩,田原 孝嗣,1
田中 準浩,田島 和成,1
田中 準浩,白石 真奈美,1
田中 準浩,矢野 幸男,1
田中 準浩,石井 降幸,1
田中 準浩,神田 晃敬,1
田中 準浩,藪内 精三,1
田中 準浩,秋山 裕一,1
田中 準浩,羽田 輝美,1
田中 準浩,舘 博,1
田中 準浩,舟橋 章,1
田中 準浩,若井 芳則,1
田中 準浩,蓼沼 誠,1
田中 準浩,高橋 順子,1
田中 裕三,相良 沙奈恵,1
田中 準浩,田中 裕之,1
田中 裕之,野本 秀正,1
田中 裕之,西川 紀男,1
田中 裕之,西方 君恵,1
田中 裕之,西村 顕,1
田中 裕之,赤尾 綾子,1
田中 裕之,近藤 恭一,1
田中 裕之,野口 雅敏,1
田中 裕之,金田 弘挙,1
田中 裕之,蓼沼 誠,1
田中 裕之,鍵本 佳孝,1
田中 裕之,鎌田 耕造,1
田中 裕之,長尾 敬一,1
田中 裕之,飯村 穰,1
田中 裕之,飯野 修一,1
田中 裕之,馬場 茂,1
田中 裕之,藪内 精三,1
田中 裕之,若井 芳則,1
田中 裕三,石川 雄章,1
田中 裕之,矢野 幸男,1
田中 裕三,稲橋 正明,1
田中 裕之,田仁 祥信,1
田中 裕之,田代 道夫,1
田中 裕之,田原 孝嗣,1
田中 裕之,田島 和成,1
田中 裕之,白石 真奈美,1
田中 裕之,石井 降幸,1
田中 裕之,舟橋 章,1
田中 裕之,石原 和夫,1
田中 裕之,神田 晃敬,1
田中 裕之,秋山 裕一,1
田中 裕之,竹村 成三,1
田中 裕之,羽田 輝美,1
田中 裕之,舘 博,1
田中 準浩,田仁 祥信,1
田中 伸哉,高橋 俊成,1
田中 裕之,高橋 利郎,1
片渕 勇敬,藤井 昇,1
澤井 美伯,玉置 尚徳,1
澤井 美伯,稲垣 瑞穂,1
澤井 美伯,鈴木 徹,1
瀧田 正美,荒巻 功,1
烏力吉徳力根,豊川 佳奈子,1
熊谷 知栄子,福田 潔,1
牧 則光,米玉利 隆,1
溝口(藤城) 弘子,西村 顕,1
狩野 幸信,田中 準浩,1
狩野 幸信,田中 裕之,1
狩野 幸信,田仁 祥信,1
狩野 幸信,田代 道夫,1
狩野 幸信,田原 孝嗣,1
狩野 幸信,田島 和成,1
溝口(藤城) 弘子,近藤 恭一,1
満生 慎二,鈴木 正何,1
狩野 幸信,矢野 幸男,1
渡邊 健一,赤尾 健,1
渡辺 睦,近藤 恭一,1
渡辺 誠衛,田口 隆信,1
渡辺 誠衛,高橋 仁,1
渡邉 誠衛,田口 隆信,1
渡邉 誠衛,石川 雄章,1
渡邉 誠衛,高橋 仁,1
渡邊 健一,金桶 光起,1
満生 慎二,羽田野 雄大,1
渡邊 健一,鍋倉 義仁,1
渡邊 健一,青木 俊夫,1
渡邊 妙子,福田 秀雄,1
渡邊 妙子,高田 明,1
渡邊 賢明,秦 洋二,1
渡邊 賢明,葛西 寛一,1
狩野 幸信,白石 真奈美,1
狩野 幸信,石井 降幸,1
玉置 尚徳,鈴木 徹,1
狩野 幸信,高橋 利郎,1
狩野 幸信,鎌田 耕造,1
狩野 幸信,長尾 敬一,1
狩野 幸信,飯村 穰,1
狩野 幸信,飯野 修一,1
狩野 幸信,馬場 茂,1
狩野 幸信,高尾 享司,1
狩野 幸信,高橋 康次郎,1
狩野 幸信,金田 弘挙,1
狩野 幸信,高橋 順子,1
狩野 幸信,鴇田 恵子,1
猪狩 信次,矢崎 七瀬,1
猪狩 信次,石神 裕康,1
玉田 佳大,福崎 英一郎,1
玉置 尚徳,稲垣 瑞穂,1
狩野 幸信,鍵本 佳孝,1
狩野 幸信,野本 秀正,1
狩野 幸信,石原 和夫,1
狩野 幸信,若井 芳則,1
狩野 幸信,神田 晃敬,1
狩野 幸信,秋山 裕一,1
狩野 幸信,竹村 成三,1
狩野 幸信,羽田 輝美,1
狩野 幸信,舘 博,1
狩野 幸信,舟橋 章,1
狩野 幸信,蓼沼 誠,1
狩野 幸信,野口 雅敏,1
狩野 幸信,藪内 精三,1
狩野 幸信,西川 紀男,1
狩野 幸信,西方 君恵,1
狩野 幸信,西村 顕,1
狩野 幸信,赤尾 綾子,1
狩野 幸信,近藤 恭一,1
田中 裕之,高尾 享司,1
田中 裕之,高橋 康次郎,1
渡辺 睦,溝口(藤城) 弘子,1
田原 孝嗣,飯野 修一,1
田原 孝嗣,野本 秀正,1
田原 孝嗣,金田 弘挙,1
田原 孝嗣,鍵本 佳孝,1
田原 孝嗣,鎌田 耕造,1
田原 孝嗣,長尾 敬一,1
田原 孝嗣,飯村 穰,1
田原 孝嗣,馬場 茂,1
田原 孝嗣,近藤 恭一,1
田原 孝嗣,高尾 享司,1
田原 孝嗣,高橋 利郎,1
田原 孝嗣,高橋 康次郎,1
田原 孝嗣,高橋 順子,1
田原 孝嗣,鴇田 恵子,1
田口 隆信,石川 雄章,1
田原 孝嗣,野口 雅敏,1
田原 孝嗣,赤尾 綾子,1
田島 和成,矢野 幸男,1
田原 孝嗣,羽田 輝美,1
田原 孝嗣,矢野 幸男,1
田原 孝嗣,石井 降幸,1
田原 孝嗣,石原 和夫,1
田原 孝嗣,神田 晃敬,1
田原 孝嗣,秋山 裕一,1
田原 孝嗣,竹村 成三,1
田原 孝嗣,舘 博,1
田原 孝嗣,西村 顕,1
田原 孝嗣,舟橋 章,1
田原 孝嗣,若井 芳則,1
田原 孝嗣,蓼沼 誠,1
田原 孝嗣,藪内 精三,1
田原 孝嗣,西川 紀男,1
田原 孝嗣,西方 君恵,1
田島 和成,白石 真奈美,1
田島 和成,石井 降幸,1
田原 孝嗣,田島 和成,1
田島 和成,高橋 利郎,1
田島 和成,鎌田 耕造,1
田島 和成,長尾 敬一,1
田島 和成,飯村 穰,1
田島 和成,飯野 修一,1
田島 和成,馬場 茂,1
田島 和成,高尾 享司,1
田島 和成,高橋 康次郎,1
田島 和成,金田 弘挙,1
田島 和成,高橋 順子,1
田島 和成,鴇田 恵子,1
田村 健一,矢野 駿太郎,1
田村 健一,高倉 裕,1
田村 健一,高橋 康次郎,1
田村 健一,黒瀬 直孝,1
田島 和成,鍵本 佳孝,1
田島 和成,野本 秀正,1
田島 和成,石原 和夫,1
田島 和成,若井 芳則,1
田島 和成,神田 晃敬,1
田島 和成,秋山 裕一,1
田島 和成,竹村 成三,1
田島 和成,羽田 輝美,1
田島 和成,舘 博,1
田島 和成,舟橋 章,1
田島 和成,蓼沼 誠,1
田島 和成,野口 雅敏,1
田島 和成,藪内 精三,1
田島 和成,西川 紀男,1
田島 和成,西方 君恵,1
田島 和成,西村 顕,1
田島 和成,赤尾 綾子,1
田島 和成,近藤 恭一,1
田原 孝嗣,白石 真奈美,1
田代 道夫,鴇田 恵子,1
田中 裕之,高橋 順子,1
田仁 祥信,金田 弘挙,1
田仁 祥信,西方 君恵,1
田仁 祥信,西村 顕,1
田仁 祥信,赤尾 綾子,1
田仁 祥信,近藤 恭一,1
田仁 祥信,野口 雅敏,1
田仁 祥信,野本 秀正,1
田仁 祥信,鍵本 佳孝,1
田仁 祥信,藪内 精三,1
田仁 祥信,鎌田 耕造,1
田仁 祥信,長尾 敬一,1
田仁 祥信,飯村 穰,1
田仁 祥信,飯野 修一,1
田仁 祥信,馬場 茂,1
田仁 祥信,高尾 享司,1
田仁 祥信,西川 紀男,1
田仁 祥信,蓼沼 誠,1
田仁 祥信,高橋 康次郎,1
田仁 祥信,石井 降幸,1
田中 裕之,鴇田 恵子,1
田仁 祥信,田代 道夫,1
田仁 祥信,田原 孝嗣,1
田仁 祥信,田島 和成,1
田仁 祥信,白石 真奈美,1
田仁 祥信,矢野 幸男,1
田仁 祥信,石原 和夫,1
田仁 祥信,若井 芳則,1
田仁 祥信,神田 晃敬,1
田仁 祥信,秋山 裕一,1
田仁 祥信,竹村 成三,1
田仁 祥信,羽田 輝美,1
田仁 祥信,舘 博,1
田仁 祥信,舟橋 章,1
田仁 祥信,高橋 利郎,1
田仁 祥信,高橋 順子,1
田代 道夫,高橋 順子,1
田代 道夫,鎌田 耕造,1
田代 道夫,赤尾 綾子,1
田代 道夫,近藤 恭一,1
田代 道夫,野口 雅敏,1
田代 道夫,野本 秀正,1
田代 道夫,金田 弘挙,1
田代 道夫,鍵本 佳孝,1
田代 道夫,長尾 敬一,1
田代 道夫,西方 君恵,1
田代 道夫,飯村 穰,1
田代 道夫,飯野 修一,1
田代 道夫,馬場 茂,1
田代 道夫,高尾 享司,1
田代 道夫,高橋 利郎,1
田代 道夫,高橋 康次郎,1
田代 道夫,西村 顕,1
田代 道夫,西川 紀男,1
田仁 祥信,鴇田 恵子,1
田代 道夫,神田 晃敬,1
田代 道夫,田原 孝嗣,1
田代 道夫,田島 和成,1
田代 道夫,白石 真奈美,1
田代 道夫,矢野 幸男,1
田代 道夫,石井 降幸,1
田代 道夫,石原 和夫,1
田代 道夫,秋山 裕一,1
田代 道夫,藪内 精三,1
田代 道夫,竹村 成三,1
田代 道夫,羽田 輝美,1
田代 道夫,舘 博,1
田代 道夫,舟橋 章,1
田代 道夫,若井 芳則,1
田代 道夫,蓼沼 誠,1
渡辺 睦,西村 顕,1
渡辺 睦,溝口 弘子,1
田邊 幾之助,高橋 英司,1
清水 健一,野口 雅敏,1
清水 健一,藪内 精三,1
清水 健一,西川 紀男,1
清水 健一,西方 君恵,1
清水 健一,西村 顕,1
清水 健一,赤尾 綾子,1
清水 健一,近藤 恭一,1
清水 健一,野本 秀正,1
清水 健一,若井 芳則,1
清水 健一,金田 弘挙,1
清水 健一,鍵本 佳孝,1
清水 健一,鎌田 耕造,1
清水 健一,長尾 敬一,1
清水 健一,雨宮 秀仁,1
清水 健一,飯村 穰,1
清水 健一,蓼沼 誠,1
清水 健一,舟橋 章,1
清水 健一,馬場 茂,1
清水 健一,白石 真奈美,1
清水 健一,田中 準浩,1
清水 健一,田中 裕之,1
清水 健一,田仁 祥信,1
清水 健一,田代 道夫,1
清水 健一,田原 孝嗣,1
清水 健一,田島 和成,1
清水 健一,矢野 幸男,1
清水 健一,舘 博,1
清水 健一,石井 降幸,1
清水 健一,石原 和夫,1
清水 健一,神田 晃敬,1
清水 健一,秋山 裕一,1
清水 健一,竹村 成三,1
清水 健一,羽田 輝美,1
清水 健一,飯野 修一,1
清水 健一,高尾 享司,1
清水 健一,渡辺 正平,1
清水 文夫,蓼沼 誠,1
清水 文夫,秋山 裕一,1
清水 文夫,竹村 成三,1
清水 文夫,羽田 輝美,1
清水 文夫,舘 博,1
清水 文夫,舟橋 章,1
清水 文夫,若井 芳則,1
清水 文夫,藪内 精三,1
清水 文夫,石原 和夫,1
清水 文夫,西川 紀男,1
清水 文夫,西方 君恵,1
清水 文夫,西村 顕,1
清水 文夫,赤尾 綾子,1
清水 文夫,近藤 恭一,1
清水 文夫,野口 雅敏,1
清水 文夫,神田 晃敬,1
清水 文夫,石井 降幸,1
清水 健一,高橋 利郎,1
清水 文夫,狩野 幸信,1
清水 健一,高橋 康次郎,1
清水 健一,高橋 順子,1
清水 健一,鴇田 恵子,1
清水 文夫,清水 理通,1
清水 文夫,渋谷 泰子,1
清水 文夫,渡辺 正平,1
清水 文夫,田中 準浩,1
清水 文夫,矢野 幸男,1
清水 文夫,田中 裕之,1
清水 文夫,田仁 祥信,1
清水 文夫,田代 道夫,1
清水 文夫,田原 孝嗣,1
清水 文夫,田島 和成,1
清水 文夫,白石 真奈美,1
清水 健一,狩野 幸信,1
清水 健一,渋谷 泰子,1
清水 文夫,金田 弘挙,1
浦野 直人,田中 準浩,1
浦野 直人,清水 健一,1
浦野 直人,清水 文夫,1
浦野 直人,清水 理通,1
浦野 直人,渋谷 泰子,1
浦野 直人,渡辺 正平,1
浦野 直人,狩野 幸信,1
浦野 直人,田中 裕之,1
浜地 正昭,高橋 順子,1
浦野 直人,田仁 祥信,1
浦野 直人,田代 道夫,1
浦野 直人,田原 孝嗣,1
浦野 直人,田島 和成,1
浦野 直人,白石 真奈美,1
浦野 直人,矢野 幸男,1
浜地 正昭,鴇田 恵子,1
浜地 正昭,高橋 康次郎,1
浦野 直人,石原 和夫,1
浜地 正昭,金田 弘挙,1
浜地 正昭,西方 君恵,1
浜地 正昭,西村 顕,1
浜地 正昭,赤尾 綾子,1
浜地 正昭,近藤 恭一,1
浜地 正昭,野口 雅敏,1
浜地 正昭,野本 秀正,1
浜地 正昭,鍵本 佳孝,1
浜地 正昭,高橋 利郎,1
浜地 正昭,鎌田 耕造,1
浜地 正昭,長尾 敬一,1
浜地 正昭,飯村 穰,1
浜地 正昭,飯野 修一,1
浜地 正昭,馬場 茂,1
浜地 正昭,高尾 享司,1
浦野 直人,石井 降幸,1
浦野 直人,神田 晃敬,1
清水 健一,清水 理通,1
浦野 直人,高橋 順子,1
浦野 直人,飯村 穰,1
浦野 直人,飯野 修一,1
浦野 直人,馬場 茂,1
浦野 直人,高尾 享司,1
浦野 直人,高橋 利郎,1
浦野 直人,高橋 康次郎,1
浦野 直人,鴇田 恵子,1
浦野 直人,鎌田 耕造,1
添川 一寛,矢崎 七瀬,1
添川 一寛,石神 裕康,1
清川 良文,白石 真奈美,1
清川 良文,藤原 久志,1
清川 良文,髙倉 敏夫,1
清水 健一,清水 文夫,1
浦野 直人,長尾 敬一,1
浦野 直人,鍵本 佳孝,1
浦野 直人,秋山 裕一,1
浦野 直人,藪内 精三,1
浦野 直人,竹村 成三,1
浦野 直人,羽田 輝美,1
浦野 直人,舘 博,1
浦野 直人,舟橋 章,1
浦野 直人,若井 芳則,1
浦野 直人,蓼沼 誠,1
浦野 直人,西川 紀男,1
浦野 直人,金田 弘挙,1
浦野 直人,西方 君恵,1
浦野 直人,西村 顕,1
浦野 直人,赤尾 綾子,1
浦野 直人,近藤 恭一,1
浦野 直人,野口 雅敏,1
浦野 直人,野本 秀正,1
清水 文夫,野本 秀正,1
清水 文夫,鍵本 佳孝,1
渡辺 沙織,渡辺 誠衛,1
渡辺 守,福田 央,1
渋谷 泰子,鴇田 恵子,1
渡辺 堅二,高木 重樹,1
渡辺 大輔,渡辺 守,1
渡辺 大輔,福田 央,1
渡辺 大輔,高木 博史,1
渡辺 大輔,髙木 昌美,1
渡辺 守,赤尾 健,1
渋谷 泰子,高橋 康次郎,1
渡辺 守,髙木 昌美,1
渡辺 正平,狩野 幸信,1
渡辺 正平,田中 準浩,1
渡辺 正平,田中 裕之,1
渡辺 正平,田仁 祥信,1
渡辺 正平,田代 道夫,1
渋谷 泰子,高橋 順子,1
渋谷 泰子,高橋 利郎,1
渡辺 正平,田島 和成,1
渋谷 泰子,野本 秀正,1
渋谷 泰子,西川 紀男,1
渋谷 泰子,西方 君恵,1
渋谷 泰子,西村 顕,1
渋谷 泰子,赤尾 綾子,1
渋谷 泰子,近藤 恭一,1
渋谷 泰子,野口 雅敏,1
渋谷 泰子,金田 弘挙,1
渋谷 泰子,高尾 享司,1
渋谷 泰子,鍵本 佳孝,1
渋谷 泰子,鎌田 耕造,1
渋谷 泰子,長尾 敬一,1
渋谷 泰子,飯村 穰,1
渋谷 泰子,飯野 修一,1
渋谷 泰子,馬場 茂,1
渡辺 正平,田原 孝嗣,1
渡辺 正平,白石 真奈美,1
渋谷 泰子,蓼沼 誠,1
渡辺 正平,長尾 敬一,1
渡辺 正平,近藤 恭一,1
渡辺 正平,野口 雅敏,1
渡辺 正平,野本 秀正,1
渡辺 正平,金田 弘挙,1
渡辺 正平,鍵本 佳孝,1
渡辺 正平,鎌田 耕造,1
渡辺 正平,飯村 穰,1
渡辺 正平,西村 顕,1
渡辺 正平,馬場 茂,1
渡辺 正平,高尾 享司,1
渡辺 正平,高橋 利郎,1
渡辺 正平,高橋 康次郎,1
渡辺 正平,高橋 順子,1
渡辺 正平,鴇田 恵子,1
渡辺 正平,赤尾 綾子,1
渡辺 正平,西方 君恵,1
渡辺 正平,矢野 幸男,1
渡辺 正平,羽田 輝美,1
渡辺 正平,石井 降幸,1
渡辺 正平,石原 和夫,1
渡辺 正平,神田 晃敬,1
渡辺 正平,秋山 裕一,1
渡辺 正平,竹村 成三,1
渡辺 正平,篠原 隆,1
渡辺 正平,舘 博,1
渡辺 正平,西川 紀男,1
渡辺 正平,舟橋 章,1
渡辺 正平,若井 芳則,1
渡辺 正平,菊池 良充,1
渡辺 正平,葛西 宏威,1
渡辺 正平,蓼沼 誠,1
渡辺 正平,藪内 精三,1
渋谷 泰子,藪内 精三,1
渋谷 泰子,若井 芳則,1
清水 文夫,鎌田 耕造,1
清水 理通,秋山 裕一,1
清水 理通,田島 和成,1
清水 理通,白石 真奈美,1
清水 理通,矢野 幸男,1
清水 理通,石井 降幸,1
清水 理通,石原 和夫,1
清水 理通,神田 晃敬,1
清水 理通,竹村 成三,1
清水 理通,田代 道夫,1
清水 理通,羽田 輝美,1
清水 理通,舘 博,1
清水 理通,舟橋 章,1
清水 理通,若井 芳則,1
清水 理通,蓼沼 誠,1
清水 理通,藪内 精三,1
清水 理通,田原 孝嗣,1
清水 理通,田仁 祥信,1
清水 理通,西方 君恵,1
清水 文夫,高橋 康次郎,1
清水 文夫,長尾 敬一,1
清水 文夫,飯村 穰,1
清水 文夫,飯野 修一,1
清水 文夫,馬場 茂,1
清水 文夫,高尾 享司,1
清水 文夫,高橋 利郎,1
清水 文夫,高橋 順子,1
清水 理通,田中 裕之,1
清水 文夫,鴇田 恵子,1
清水 浩美,都築 正男,1
清水 理通,渋谷 泰子,1
清水 理通,渡辺 正平,1
清水 理通,狩野 幸信,1
清水 理通,田中 準浩,1
清水 理通,西川 紀男,1
清水 理通,西村 顕,1
渋谷 泰子,舟橋 章,1
渋谷 泰子,矢野 幸男,1
渋谷 泰子,田中 裕之,1
渋谷 泰子,田仁 祥信,1
渋谷 泰子,田代 道夫,1
渋谷 泰子,田原 孝嗣,1
渋谷 泰子,田島 和成,1
渋谷 泰子,白石 真奈美,1
渋谷 泰子,石井 降幸,1
渋谷 泰子,狩野 幸信,1
渋谷 泰子,石原 和夫,1
渋谷 泰子,神田 晃敬,1
渋谷 泰子,秋山 裕一,1
渋谷 泰子,竹村 成三,1
渋谷 泰子,羽田 輝美,1
渋谷 泰子,舘 博,1
渋谷 泰子,田中 準浩,1
渋谷 泰子,渡辺 正平,1
清水 理通,赤尾 綾子,1
清水 理通,長尾 敬一,1
清水 理通,近藤 恭一,1
清水 理通,野口 雅敏,1
清水 理通,野本 秀正,1
清水 理通,金田 弘挙,1
清水 理通,鍵本 佳孝,1
清水 理通,鎌田 耕造,1
清水 理通,飯村 穰,1
清水 理通,鴇田 恵子,1
清水 理通,飯野 修一,1
清水 理通,馬場 茂,1
清水 理通,高尾 享司,1
清水 理通,高橋 利郎,1
清水 理通,高橋 康次郎,1
清水 理通,高橋 順子,1
田村 博康,赤尾 健,1
畠山 明,遣水 潤,1
浜地 正昭,藪内 精三,1
西川 紀男,近藤 恭一,1
藪内 精三,鴇田 恵子,1
蟻川 幸彦,近藤 君夫,1
蟻川 幸彦,馬場 茂,1
西川 紀男,西方 君恵,1
西川 紀男,西村 顕,1
西川 紀男,赤尾 綾子,1
西川 紀男,野口 雅敏,1
藪内 精三,高橋 康次郎,1
西川 紀男,野本 秀正,1
西川 紀男,金田 弘挙,1
西川 紀男,鍵本 佳孝,1
西川 紀男,鎌田 耕造,1
西川 紀男,長尾 敬一,1
西川 紀男,飯村 穰,1
藪内 精三,高橋 順子,1
藪内 精三,高橋 利郎,1
西川 紀男,馬場 茂,1
藪内 精三,野本 秀正,1
藪内 精三,西川 紀男,1
藪内 精三,西方 君恵,1
藪内 精三,西村 顕,1
藪内 精三,赤尾 綾子,1
藪内 精三,近藤 恭一,1
藪内 精三,野口 雅敏,1
藪内 精三,金田 弘挙,1
藪内 精三,高尾 享司,1
藪内 精三,鍵本 佳孝,1
藪内 精三,鎌田 耕造,1
藪内 精三,長尾 敬一,1
藪内 精三,飯村 穰,1
藪内 精三,飯野 修一,1
藪内 精三,馬場 茂,1
西川 紀男,飯野 修一,1
西川 紀男,高尾 享司,1
藤田 晃子,遠藤 路子,1
西村 顕,鍵本 佳孝,1
西方 君恵,高橋 順子,1
西方 君恵,鴇田 恵子,1
西村 顕,赤尾 綾子,1
西村 顕,野口 雅敏,1
西村 顕,野本 秀正,1
西村 顕,金田 弘挙,1
西村 顕,鎌田 耕造,1
西方 君恵,高橋 利郎,1
西村 顕,長尾 敬一,1
西村 顕,飯村 穰,1
西村 顕,飯野 修一,1
西村 顕,馬場 茂,1
西村 顕,高尾 享司,1
西村 顕,高橋 利郎,1
西方 君恵,高橋 康次郎,1
西方 君恵,高尾 享司,1
西川 紀男,高橋 利郎,1
西方 君恵,野口 雅敏,1
西川 紀男,高橋 康次郎,1
西川 紀男,高橋 順子,1
西川 紀男,鴇田 恵子,1
西方 君恵,西村 顕,1
西方 君恵,赤尾 綾子,1
西方 君恵,近藤 恭一,1
西方 君恵,野本 秀正,1
西方 君恵,馬場 茂,1
西方 君恵,金田 弘挙,1
西方 君恵,鍵本 佳孝,1
西方 君恵,鎌田 耕造,1
西方 君恵,長尾 敬一,1
西方 君恵,飯村 穰,1
西方 君恵,飯野 修一,1
藤田 晃子,須藤 茂俊,1
藤田 依里,高山 清子,1
西村 顕,高橋 順子,1
若井 芳則,西川 紀男,1
船井 秀哉,赤尾 健,1
船井 秀哉,近藤 徹弥,1
花牟礼 研一,藤野 舜一,1
若井 芳則,蓼沼 誠,1
若井 芳則,藤原 久志,1
若井 芳則,藪内 精三,1
若井 芳則,西方 君恵,1
舟橋 章,高橋 順子,1
若井 芳則,西村 顕,1
若井 芳則,赤尾 綾子,1
若井 芳則,近藤 恭一,1
若井 芳則,野口 雅敏,1
若井 芳則,野本 秀正,1
若井 芳則,金田 弘挙,1
舟橋 章,鴇田 恵子,1
舟橋 章,高橋 康次郎,1
若井 芳則,鎌田 耕造,1
舟橋 章,金田 弘挙,1
舟橋 章,西方 君恵,1
舟橋 章,西村 顕,1
舟橋 章,赤尾 綾子,1
舟橋 章,近藤 恭一,1
舟橋 章,野口 雅敏,1
舟橋 章,野本 秀正,1
舟橋 章,鍵本 佳孝,1
舟橋 章,高橋 利郎,1
舟橋 章,鎌田 耕造,1
舟橋 章,長尾 敬一,1
舟橋 章,飯村 穰,1
舟橋 章,飯野 修一,1
舟橋 章,馬場 茂,1
舟橋 章,高尾 享司,1
若井 芳則,鍵本 佳孝,1
若井 芳則,長尾 敬一,1
藤原 絵美,高山 清子,1
蓼沼 誠,馬場 茂,1
蓼沼 誠,金田 弘挙,1
蓼沼 誠,鍵本 佳孝,1
蓼沼 誠,鎌田 耕造,1
蓼沼 誠,長尾 敬一,1
蓼沼 誠,飯村 穰,1
蓼沼 誠,飯野 修一,1
蓼沼 誠,高尾 享司,1
蓼沼 誠,野口 雅敏,1
蓼沼 誠,高橋 利郎,1
蓼沼 誠,高橋 康次郎,1
蓼沼 誠,高橋 順子,1
蓼沼 誠,鴇田 恵子,1
藤原 久志,髙倉 敏夫,1
藤原 絵美,高下 秀春,1
蓼沼 誠,野本 秀正,1
蓼沼 誠,近藤 恭一,1
若井 芳則,飯村 穰,1
若井 芳則,髙倉 敏夫,1
若井 芳則,飯野 修一,1
若井 芳則,馬場 茂,1
若井 芳則,高尾 享司,1
若井 芳則,高橋 利郎,1
若井 芳則,高橋 康次郎,1
若井 芳則,高橋 順子,1
若井 芳則,鴇田 恵子,1
蓼沼 誠,赤尾 綾子,1
菊池 良充,葛西 宏威,1
萩原 葵,野地 秀和,1
蓼沼 誠,藪内 精三,1
蓼沼 誠,西川 紀男,1
蓼沼 誠,西方 君恵,1
蓼沼 誠,西村 顕,1
西村 顕,高橋 康次郎,1
西村 顕,鴇田 恵子,1
舟橋 章,藪内 精三,1
鎌田 耕造,高橋 利郎,1
鍵本 佳孝,鴇田 恵子,1
鎌田 耕造,長尾 敬一,1
鎌田 耕造,飯村 穰,1
鎌田 耕造,飯野 修一,1
鎌田 耕造,馬場 茂,1
鎌田 耕造,高尾 享司,1
鎌田 耕造,高橋 康次郎,1
鍵本 佳孝,高橋 康次郎,1
鎌田 耕造,高橋 順子,1
鎌田 耕造,鴇田 恵子,1
長尾 敬一,飯村 穰,1
長尾 敬一,飯野 修一,1
長尾 敬一,馬場 茂,1
長尾 敬一,高尾 享司,1
鍵本 佳孝,高橋 順子,1
鍵本 佳孝,高橋 利郎,1
長尾 敬一,高橋 康次郎,1
鈴木 弥兵衛,須貝 智,1
金田 弘挙,馬場 茂,1
金田 弘挙,高尾 享司,1
金田 弘挙,高橋 利郎,1
金田 弘挙,高橋 康次郎,1
金田 弘挙,高橋 順子,1
金田 弘挙,鴇田 恵子,1
鈴木 正柯,黒田 理恵子,1
鍵本 佳孝,高尾 享司,1
鍋倉 義仁,青木 俊夫,1
鍵本 佳孝,鎌田 耕造,1
鍵本 佳孝,長尾 敬一,1
鍵本 佳孝,飯村 穰,1
鍵本 佳孝,飯野 修一,1
鍵本 佳孝,馬場 茂,1
長尾 敬一,高橋 利郎,1
長尾 敬一,高橋 順子,1
金田 弘挙,飯村 穰,1
高尾 享司,鴇田 恵子,1
高下 秀春,高山 清子,1
高倉 裕,高橋 康次郎,1
高倉 裕,黒瀬 直孝,1
高尾 享司,高橋 利郎,1
高尾 享司,高橋 康次郎,1
高尾 享司,高橋 順子,1
高橋 利郎,高橋 康次郎,1
馬場 茂,高橋 順子,1
高橋 利郎,高橋 順子,1
高橋 利郎,鴇田 恵子,1
高橋 康次郎,高橋 順子,1
高橋 康次郎,鴇田 恵子,1
高橋 康次郎,黒瀬 直孝,1
高橋 順子,鴇田 恵子,1
馬場 茂,鴇田 恵子,1
馬場 茂,高橋 康次郎,1
長尾 敬一,鴇田 恵子,1
飯村 穰,鴇田 恵子,1
飯村 穰,飯野 修一,1
飯村 穰,馬場 茂,1
飯村 穰,高尾 享司,1
飯村 穰,高橋 利郎,1
飯村 穰,高橋 康次郎,1
飯村 穰,高橋 順子,1
飯野 修一,馬場 茂,1
馬場 茂,高橋 利郎,1
飯野 修一,高尾 享司,1
飯野 修一,高橋 利郎,1
飯野 修一,高橋 康次郎,1
飯野 修一,高橋 順子,1
飯野 修一,鴇田 恵子,1
馬場 茂,高尾 享司,1
金田 弘挙,飯野 修一,1
金田 弘挙,長尾 敬一,1
角田 朝子,高宮 義治,1
近藤 恭一,鍵本 佳孝,1
赤野 裕文,高見澤 一裕,1
越智 洋,高山 清子,1
近藤 君夫,馬場 茂,1
近藤 恭一,野口 雅敏,1
近藤 恭一,野本 秀正,1
近藤 恭一,金田 弘挙,1
近藤 恭一,鎌田 耕造,1
赤尾 綾子,高橋 順子,1
近藤 恭一,長尾 敬一,1
近藤 恭一,長谷 篤,1
近藤 恭一,飯村 穰,1
近藤 恭一,飯野 修一,1
近藤 恭一,馬場 茂,1
近藤 恭一,高尾 享司,1
赤尾 綾子,鴇田 恵子,1
赤尾 綾子,高橋 康次郎,1
近藤 恭一,高橋 康次郎,1
赤尾 綾子,金田 弘挙,1
角田 潔和,進藤 斉,1
赤尾 健,近藤 徹弥,1
赤尾 健,髙木 昌美,1
赤尾 綾子,近藤 恭一,1
赤尾 綾子,野口 雅敏,1
赤尾 綾子,野本 秀正,1
赤尾 綾子,鍵本 佳孝,1
赤尾 綾子,高橋 利郎,1
赤尾 綾子,鎌田 耕造,1
赤尾 綾子,長尾 敬一,1
赤尾 綾子,飯村 穰,1
赤尾 綾子,飯野 修一,1
赤尾 綾子,馬場 茂,1
赤尾 綾子,高尾 享司,1
近藤 恭一,高橋 利郎,1
近藤 恭一,高橋 順子,1
金田 弘挙,鎌田 耕造,1
野本 秀正,高橋 順子,1
野本 秀正,長尾 敬一,1
野本 秀正,飯村 穰,1
野本 秀正,飯野 修一,1
野本 秀正,馬場 茂,1
野本 秀正,高尾 享司,1
野本 秀正,高橋 利郎,1
野本 秀正,鴇田 恵子,1
野本 秀正,鍵本 佳孝,1
野見山 修治,鈴木 正柯,1
野見山 修治,黒田 理恵子,1
金古 堅太郎,鈴木 浩武,1
金桶 光起,鍋倉 義仁,1
金桶 光起,青木 俊夫,1
金田 弘挙,鍵本 佳孝,1
野本 秀正,鎌田 耕造,1
野本 秀正,金田 弘挙,1
近藤 恭一,鴇田 恵子,1
野口 雅敏,長尾 敬一,1
遠藤 路子,須藤 茂俊,1
遣水 潤,高橋 方夫,1
野口 雅敏,野本 秀正,1
野口 雅敏,金田 弘挙,1
野口 雅敏,鍵本 佳孝,1
野口 雅敏,鎌田 耕造,1
野口 雅敏,飯村 穰,1
野口 雅敏,鴇田 恵子,1
野口 雅敏,飯野 修一,1
野口 雅敏,馬場 茂,1
野口 雅敏,高尾 享司,1
野口 雅敏,高橋 利郎,1
野口 雅敏,高橋 康次郎,1
野口 雅敏,高橋 順子,1
舟橋 章,西川 紀男,1
舟橋 章,蓼沼 誠,1
畠山 明,高橋 方夫,1
石井 降幸,高橋 利郎,1
石井 降幸,鎌田 耕造,1
石井 降幸,長尾 敬一,1
石井 降幸,飯村 穰,1
石井 降幸,飯野 修一,1
石井 降幸,馬場 茂,1
石井 降幸,高尾 享司,1
石井 降幸,高橋 康次郎,1
石井 降幸,金田 弘挙,1
石井 降幸,高橋 順子,1
石井 降幸,鴇田 恵子,1
石原 和夫,神田 晃敬,1
石原 和夫,秋山 裕一,1
石原 和夫,竹村 成三,1
石原 和夫,羽田 輝美,1
石井 降幸,鍵本 佳孝,1
石井 降幸,野本 秀正,1
石原 和夫,舟橋 章,1
石井 降幸,若井 芳則,1
石井 降幸,神田 晃敬,1
石井 降幸,秋山 裕一,1
石井 降幸,竹村 成三,1
石井 降幸,羽田 輝美,1
石井 降幸,舘 博,1
石井 降幸,舟橋 章,1
石井 降幸,蓼沼 誠,1
石井 降幸,野口 雅敏,1
石井 降幸,藪内 精三,1
石井 降幸,西川 紀男,1
石井 降幸,西方 君恵,1
石井 降幸,西村 顕,1
石井 降幸,赤尾 綾子,1
石井 降幸,近藤 恭一,1
石原 和夫,舘 博,1
石原 和夫,若井 芳則,1
矢野 駿太郎,黒瀬 直孝,1
石川 雄章,高橋 仁,1
石原 和夫,高橋 順子,1
石原 和夫,鴇田 恵子,1
石垣 浩佳,鈴木 弥兵衛,1
石垣 浩佳,須貝 智,1
石川 雄章,花牟礼 研一,1
石川 雄章,藤野 舜一,1
磯谷 敦子,藤井 力,1
石原 和夫,高橋 利郎,1
磯谷 敦子,藤田 晃子,1
磯谷 敦子,遠藤 路子,1
祝園 秀樹,藤田 依里,1
祝園 秀樹,高山 清子,1
神田 晃敬,秋山 裕一,1
神田 晃敬,竹村 成三,1
石原 和夫,高橋 康次郎,1
石原 和夫,高尾 享司,1
石原 和夫,蓼沼 誠,1
石原 和夫,野口 雅敏,1
石原 和夫,藪内 精三,1
石原 和夫,西川 紀男,1
石原 和夫,西方 君恵,1
石原 和夫,西村 顕,1
石原 和夫,赤尾 綾子,1
石原 和夫,近藤 恭一,1
石原 和夫,野本 秀正,1
石原 和夫,馬場 茂,1
石原 和夫,金田 弘挙,1
石原 和夫,鍵本 佳孝,1
石原 和夫,鎌田 耕造,1
石原 和夫,長尾 敬一,1
石原 和夫,飯村 穰,1
石原 和夫,飯野 修一,1
石井 降幸,石原 和夫,1
矢野 駿太郎,高橋 康次郎,1
神田 晃敬,舘 博,1
白石 真奈美,馬場 茂,1
白石 真奈美,金田 弘挙,1
白石 真奈美,鍵本 佳孝,1
白石 真奈美,鎌田 耕造,1
白石 真奈美,長尾 敬一,1
白石 真奈美,飯村 穰,1
白石 真奈美,飯野 修一,1
白石 真奈美,高尾 享司,1
白石 真奈美,野口 雅敏,1
白石 真奈美,高橋 利郎,1
白石 真奈美,高橋 康次郎,1
白石 真奈美,高橋 順子,1
白石 真奈美,鴇田 恵子,1
百瀬 洋夫,鎌尾 敦子,1
相澤 ゆかり,辻 麻衣子,1
白石 真奈美,野本 秀正,1
白石 真奈美,近藤 恭一,1
相良 沙奈恵,稲橋 正明,1
白石 真奈美,羽田 輝美,1
白石 真奈美,矢野 幸男,1
白石 真奈美,石井 降幸,1
白石 真奈美,石原 和夫,1
白石 真奈美,神田 晃敬,1
白石 真奈美,秋山 裕一,1
白石 真奈美,竹村 成三,1
白石 真奈美,舘 博,1
白石 真奈美,赤尾 綾子,1
白石 真奈美,舟橋 章,1
白石 真奈美,蓼沼 誠,1
白石 真奈美,藪内 精三,1
白石 真奈美,西川 紀男,1
白石 真奈美,西方 君恵,1
白石 真奈美,西村 顕,1
相良 沙奈恵,石川 雄章,1
矢崎 七瀬,石神 裕康,1
矢野 駿太郎,高倉 裕,1
矢野 幸男,飯村 穰,1
矢野 幸男,野口 雅敏,1
矢野 幸男,野本 秀正,1
矢野 幸男,金田 弘挙,1
矢野 幸男,鍵本 佳孝,1
矢野 幸男,鎌田 耕造,1
矢野 幸男,長尾 敬一,1
矢野 幸男,飯野 修一,1
矢野 幸男,赤尾 綾子,1
矢野 幸男,馬場 茂,1
矢野 幸男,高尾 享司,1
矢野 幸男,高橋 利郎,1
矢野 幸男,高橋 康次郎,1
矢野 幸男,高橋 順子,1
矢野 幸男,鴇田 恵子,1
矢野 幸男,近藤 恭一,1
矢野 幸男,西村 顕,1
矢嶋 端夫,高柳 勉,1
矢野 幸男,竹村 成三,1
矢橋 裕一,赤野 裕文,1
矢橋 裕一,高見澤 一裕,1
矢野 幸男,石井 降幸,1
矢野 幸男,石原 和夫,1
矢野 幸男,神田 晃敬,1
矢野 幸男,秋山 裕一,1
矢野 幸男,羽田 輝美,1
矢野 幸男,西方 君恵,1
矢野 幸男,舘 博,1
矢野 幸男,舟橋 章,1
矢野 幸男,若井 芳則,1
矢野 幸男,蓼沼 誠,1
矢野 幸男,藪内 精三,1
矢野 幸男,西川 紀男,1
神田 晃敬,羽田 輝美,1
神田 晃敬,舟橋 章,1
舟橋 章,若井 芳則,1
羽田 輝美,藪内 精三,1
米倉 裕一,遠山 良,1
米原 由希,荒巻 功,1
羽田 輝美,舘 博,1
羽田 輝美,舟橋 章,1
羽田 輝美,若井 芳則,1
羽田 輝美,蓼沼 誠,1
羽田 輝美,西川 紀男,1
篠原 隆,鎌田 勉,1
羽田 輝美,西方 君恵,1
羽田 輝美,西村 顕,1
羽田 輝美,赤尾 綾子,1
羽田 輝美,近藤 恭一,1
羽田 輝美,野口 雅敏,1
羽田 輝美,野本 秀正,1
篠原 隆,飯野 修一,1
笠原 紳,金内 誠,1
羽田 輝美,鍵本 佳孝,1
竹村 成三,飯村 穰,1
竹村 成三,野口 雅敏,1
竹村 成三,野本 秀正,1
竹村 成三,金田 弘挙,1
竹村 成三,鍵本 佳孝,1
竹村 成三,鎌田 耕造,1
竹村 成三,長尾 敬一,1
竹村 成三,飯野 修一,1
竹田 正久,門倉 利守,1
竹村 成三,馬場 茂,1
竹村 成三,高尾 享司,1
竹村 成三,高橋 利郎,1
竹村 成三,高橋 康次郎,1
竹村 成三,高橋 順子,1
竹村 成三,鴇田 恵子,1
羽田 輝美,金田 弘挙,1
羽田 輝美,鎌田 耕造,1
竹村 成三,赤尾 綾子,1
舘 博,飯村 穰,1
舘 博,野口 雅敏,1
舘 博,野本 秀正,1
舘 博,金田 弘挙,1
舘 博,鍵本 佳孝,1
舘 博,鎌田 耕造,1
舘 博,長尾 敬一,1
舘 博,飯野 修一,1
舘 博,赤尾 綾子,1
舘 博,馬場 茂,1
舘 博,高尾 享司,1
舘 博,高橋 利郎,1
舘 博,高橋 康次郎,1
舘 博,高橋 順子,1
舘 博,鴇田 恵子,1
舘 博,近藤 恭一,1
舘 博,西村 顕,1
羽田 輝美,長尾 敬一,1
羽田 輝美,高橋 順子,1
羽田 輝美,飯村 穰,1
羽田 輝美,飯野 修一,1
羽田 輝美,馬場 茂,1
羽田 輝美,高尾 享司,1
羽田 輝美,高橋 利郎,1
羽田 輝美,高橋 康次郎,1
羽田 輝美,鴇田 恵子,1
舘 博,西方 君恵,1
羽田野 雄大,鈴木 正何,1
舘 博,舟橋 章,1
舘 博,若井 芳則,1
舘 博,蓼沼 誠,1
舘 博,藪内 精三,1
舘 博,西川 紀男,1
竹村 成三,近藤 恭一,1
竹村 成三,西村 顕,1
神田 晃敬,若井 芳則,1
福田 央,赤尾 健,1
神田 晃敬,高橋 康次郎,1
神田 晃敬,高橋 順子,1
神田 晃敬,鴇田 恵子,1
神田 涼子,藤田 晃子,1
神田 涼子,遠藤 路子,1
福井 正一,高柳 勉,1
福田 央,髙木 昌美,1
神田 晃敬,高尾 享司,1
福田 整,角田 朝子,1
福田 整,高宮 義治,1
福田 秀雄,高田 明,1
秋山 裕一,竹村 成三,1
秋山 裕一,羽田 輝美,1
秋山 裕一,舘 博,1
神田 晃敬,高橋 利郎,1
神田 晃敬,馬場 茂,1
秋山 裕一,若井 芳則,1
神田 晃敬,近藤 恭一,1
神田 晃敬,蓼沼 誠,1
神田 晃敬,藪内 精三,1
神田 晃敬,西川 紀男,1
神田 晃敬,西方 君恵,1
神田 晃敬,西村 顕,1
神田 晃敬,赤尾 綾子,1
神田 晃敬,野口 雅敏,1
神田 晃敬,飯野 修一,1
神田 晃敬,野本 秀正,1
神田 晃敬,金田 弘挙,1
神田 晃敬,鍵本 佳孝,1
神田 晃敬,鎌田 耕造,1
神田 晃敬,長尾 敬一,1
神田 晃敬,飯村 穰,1
秋山 裕一,舟橋 章,1
秋山 裕一,蓼沼 誠,1
竹村 成三,西方 君恵,1
竹下 淳子,高山 清子,1
秋山 裕一,鴇田 恵子,1
秦 洋二,葛西 寛一,1
稲垣 瑞穂,鈴木 徹,1
稲橋 正明,野白 喜久雄,1
穂坂 賢,角本 琢磨,1
竹下 淳子,越智 洋,1
竹村 成三,羽田 輝美,1
秋山 裕一,高橋 康次郎,1
竹村 成三,舘 博,1
竹村 成三,舟橋 章,1
竹村 成三,若井 芳則,1
竹村 成三,蓼沼 誠,1
竹村 成三,藪内 精三,1
竹村 成三,西川 紀男,1
秋山 裕一,高橋 順子,1
秋山 裕一,高橋 利郎,1
秋山 裕一,藪内 精三,1
秋山 裕一,野本 秀正,1
秋山 裕一,西川 紀男,1
秋山 裕一,西方 君恵,1
秋山 裕一,西村 顕,1
秋山 裕一,赤尾 綾子,1
秋山 裕一,近藤 恭一,1
秋山 裕一,野口 雅敏,1
秋山 裕一,金田 弘挙,1
秋山 裕一,高尾 享司,1
秋山 裕一,鍵本 佳孝,1
秋山 裕一,鎌田 耕造,1
秋山 裕一,長尾 敬一,1
秋山 裕一,飯村 穰,1
秋山 裕一,飯野 修一,1
秋山 裕一,馬場 茂,1
浜地 正昭,西川 紀男,1
浜地 正昭,蓼沼 誠,1
本間 伸夫,舟橋 章,1
柳田 藤治,桑平 秀夫,1
林田 晋策,鴇田 恵子,1
柳内 敏靖,若井 芳則,1
柳田 藤寿,萩原 健一,1
柳田 藤寿,鎌田 勉,1
柳田 藤治,柴田 正人,1
柳田 藤治,栃倉 辰六郎,1
柳田 藤治,椎木 敏,1
林田 晋策,高橋 康次郎,1
柳田 藤治,榛葉 芳夫,1
柳田 藤治,横森 洋一,1
柳田 藤治,水品 圭司,1
柳田 藤治,水津 哲義,1
柳田 藤治,永井 英雄,1
柳田 藤治,永見 憲三,1
林田 晋策,高橋 順子,1
林田 晋策,高橋 利郎,1
柳田 藤治,津田 孝範,1
林田 晋策,野本 秀正,1
林田 晋策,西川 紀男,1
林田 晋策,西方 君恵,1
林田 晋策,西村 顕,1
林田 晋策,赤尾 綾子,1
林田 晋策,近藤 恭一,1
林田 晋策,野口 雅敏,1
林田 晋策,金田 弘挙,1
林田 晋策,高尾 享司,1
林田 晋策,鍵本 佳孝,1
林田 晋策,鎌田 耕造,1
林田 晋策,長尾 敬一,1
林田 晋策,飯村 穰,1
林田 晋策,飯野 修一,1
林田 晋策,馬場 茂,1
柳田 藤治,泉 禄郎,1
柳田 藤治,浜地 正昭,1
林田 晋策,蓼沼 誠,1
柳田 藤治,藪内 精三,1
柳田 藤治,竹村 成三,1
柳田 藤治,羽田 輝美,1
柳田 藤治,舘 博,1
柳田 藤治,舟橋 章,1
柳田 藤治,若井 芳則,1
柳田 藤治,蓼沼 誠,1
柳田 藤治,西川 紀男,1
柳田 藤治,神田 晃敬,1
柳田 藤治,西方 君恵,1
柳田 藤治,西村 顕,1
柳田 藤治,赤尾 綾子,1
柳田 藤治,近藤 恭一,1
柳田 藤治,野口 雅敏,1
柳田 藤治,野本 秀正,1
柳田 藤治,秋山 裕一,1
柳田 藤治,石原 和夫,1
柳田 藤治,浦野 直人,1
柳田 藤治,田中 準浩,1
柳田 藤治,清水 健一,1
柳田 藤治,清水 文夫,1
柳田 藤治,清水 理通,1
柳田 藤治,渋谷 泰子,1
柳田 藤治,渡辺 正平,1
柳田 藤治,狩野 幸信,1
柳田 藤治,田中 裕之,1
柳田 藤治,石井 降幸,1
柳田 藤治,田仁 祥信,1
柳田 藤治,田代 道夫,1
柳田 藤治,田原 孝嗣,1
柳田 藤治,田島 和成,1
柳田 藤治,白石 真奈美,1
柳田 藤治,矢野 幸男,1
林田 晋策,藪内 精三,1
林田 晋策,若井 芳則,1
柳田 藤治,鍵本 佳孝,1
松田 義弘,菅原 哲也,1
松村 憲吾,森本（榊原） 舞子,1
松村 憲吾,渡邊 賢明,1
松村 憲吾,葛西 寛一,1
松永 晶子,穂坂 賢,1
松浦 裕美,西山 和夫,1
松田 義弘,石垣 浩佳,1
松田 義弘,鈴木 弥兵衛,1
松本 邦男,高橋 順子,1
松田 義弘,須貝 智,1
林 幹夫,添川 一寛,1
林 幹夫,猪狩 信次,1
林 幹夫,矢崎 七瀬,1
林 幹夫,石神 裕康,1
林 幹雄,添川 一寛,1
松本 邦男,鴇田 恵子,1
松本 邦男,高橋 康次郎,1
林田 晋策,柳田 藤治,1
松本 邦男,金田 弘挙,1
松本 邦男,西方 君恵,1
松本 邦男,西村 顕,1
松本 邦男,赤尾 綾子,1
松本 邦男,近藤 恭一,1
松本 邦男,野口 雅敏,1
松本 邦男,野本 秀正,1
松本 邦男,鍵本 佳孝,1
松本 邦男,高橋 利郎,1
松本 邦男,鎌田 耕造,1
松本 邦男,長尾 敬一,1
松本 邦男,飯村 穰,1
松本 邦男,飯野 修一,1
松本 邦男,馬場 茂,1
松本 邦男,高尾 享司,1
林 幹雄,猪狩 信次,1
林田 晋策,柴田 正人,1
林田 晋策,舟橋 章,1
林田 晋策,矢野 幸男,1
林田 晋策,田中 準浩,1
林田 晋策,田中 裕之,1
林田 晋策,田代 道夫,1
林田 晋策,田原 孝嗣,1
林田 晋策,田島 和成,1
林田 晋策,白石 真奈美,1
林田 晋策,石井 降幸,1
林田 晋策,渡辺 正平,1
林田 晋策,石原 和夫,1
林田 晋策,神田 晃敬,1
林田 晋策,秋山 裕一,1
林田 晋策,竹村 成三,1
林田 晋策,羽田 輝美,1
林田 晋策,舘 博,1
林田 晋策,狩野 幸信,1
林田 晋策,渋谷 泰子,1
林田 晋策,栃倉 辰六郎,1
林田 晋策,永井 英雄,1
林田 晋策,桑平 秀夫,1
林田 晋策,椎木 敏,1
林田 晋策,榛葉 芳夫,1
林田 晋策,横森 洋一,1
林田 晋策,水品 圭司,1
林田 晋策,水津 哲義,1
林田 晋策,永見 憲三,1
林田 晋策,清水 理通,1
林田 晋策,泉 禄郎,1
林田 晋策,津田 孝範,1
林田 晋策,浜地 正昭,1
林田 晋策,浦野 直人,1
林田 晋策,清水 健一,1
林田 晋策,清水 文夫,1
柳田 藤治,金田 弘挙,1
柳田 藤治,鎌田 耕造,1
松本 邦男,藪内 精三,1
栃倉 辰六郎,秋山 裕一,1
栃倉 辰六郎,田島 和成,1
栃倉 辰六郎,白石 真奈美,1
栃倉 辰六郎,矢野 幸男,1
栃倉 辰六郎,石井 降幸,1
栃倉 辰六郎,石原 和夫,1
栃倉 辰六郎,神田 晃敬,1
栃倉 辰六郎,竹村 成三,1
栃倉 辰六郎,田代 道夫,1
栃倉 辰六郎,羽田 輝美,1
栃倉 辰六郎,舘 博,1
栃倉 辰六郎,舟橋 章,1
栃倉 辰六郎,若井 芳則,1
栃倉 辰六郎,蓼沼 誠,1
栃倉 辰六郎,藪内 精三,1
栃倉 辰六郎,田原 孝嗣,1
栃倉 辰六郎,田仁 祥信,1
栃倉 辰六郎,西方 君恵,1
栃倉 辰六郎,浦野 直人,1
栃倉 辰六郎,水津 哲義,1
栃倉 辰六郎,永井 英雄,1
栃倉 辰六郎,永見 憲三,1
栃倉 辰六郎,泉 禄郎,1
栃倉 辰六郎,津田 孝範,1
栃倉 辰六郎,浜地 正昭,1
栃倉 辰六郎,清水 健一,1
栃倉 辰六郎,田中 裕之,1
栃倉 辰六郎,清水 文夫,1
栃倉 辰六郎,清水 理通,1
栃倉 辰六郎,渋谷 泰子,1
栃倉 辰六郎,渡辺 正平,1
栃倉 辰六郎,狩野 幸信,1
栃倉 辰六郎,田中 準浩,1
栃倉 辰六郎,西川 紀男,1
栃倉 辰六郎,西村 顕,1
栃倉 辰六郎,横森 洋一,1
桑平 秀夫,榛葉 芳夫,1
栗林 喬,遣水 潤,1
栗林 喬,高橋 方夫,1
桑原 秀明,蟻川 幸彦,1
桑原 秀明,近藤 君夫,1
桑原 秀明,馬場 茂,1
桑平 秀夫,椎木 敏,1
桑平 秀夫,横森 洋一,1
栗林 喬,渡邉 陽介,1
桑平 秀夫,水品 圭司,1
桑平 秀夫,水津 哲義,1
桑平 秀夫,永井 英雄,1
桑平 秀夫,永見 憲三,1
桑平 秀夫,泉 禄郎,1
桑平 秀夫,津田 孝範,1
栗林 喬,赤尾 健,1
栗林 喬,水沼 正樹,1
栃倉 辰六郎,赤尾 綾子,1
栃倉 辰六郎,長尾 敬一,1
栃倉 辰六郎,近藤 恭一,1
栃倉 辰六郎,野口 雅敏,1
栃倉 辰六郎,野本 秀正,1
栃倉 辰六郎,金田 弘挙,1
栃倉 辰六郎,鍵本 佳孝,1
栃倉 辰六郎,鎌田 耕造,1
栃倉 辰六郎,飯村 穰,1
栃倉 辰六郎,鴇田 恵子,1
栃倉 辰六郎,飯野 修一,1
栃倉 辰六郎,馬場 茂,1
栃倉 辰六郎,高尾 享司,1
栃倉 辰六郎,高橋 利郎,1
栃倉 辰六郎,高橋 康次郎,1
栃倉 辰六郎,高橋 順子,1
栃倉 辰六郎,水品 圭司,1
栃倉 辰六郎,榛葉 芳夫,1
柳田 藤治,長尾 敬一,1
柴田 正人,渋谷 泰子,1
柴田 正人,津田 孝範,1
柴田 正人,浜地 正昭,1
柴田 正人,浦野 直人,1
柴田 正人,清水 健一,1
柴田 正人,清水 文夫,1
柴田 正人,清水 理通,1
柴田 正人,渡辺 正平,1
柴田 正人,永見 憲三,1
柴田 正人,狩野 幸信,1
柴田 正人,田中 準浩,1
柴田 正人,田中 裕之,1
柴田 正人,田仁 祥信,1
柴田 正人,田代 道夫,1
柴田 正人,田原 孝嗣,1
柴田 正人,泉 禄郎,1
柴田 正人,永井 英雄,1
柴田 正人,白石 真奈美,1
柳田 藤治,高橋 順子,1
柳田 藤治,飯村 穰,1
柳田 藤治,飯野 修一,1
柳田 藤治,馬場 茂,1
柳田 藤治,高尾 享司,1
柳田 藤治,高橋 利郎,1
柳田 藤治,高橋 康次郎,1
柳田 藤治,鴇田 恵子,1
柴田 正人,水津 哲義,1
柴田 正人,栃倉 辰六郎,1
柴田 正人,桑平 秀夫,1
柴田 正人,椎木 敏,1
柴田 正人,榛葉 芳夫,1
柴田 正人,横森 洋一,1
柴田 正人,水品 圭司,1
柴田 正人,田島 和成,1
柴田 正人,矢野 幸男,1
栃倉 辰六郎,椎木 敏,1
柴田 正人,高尾 享司,1
柴田 正人,鍵本 佳孝,1
柴田 正人,鎌田 耕造,1
柴田 正人,長尾 敬一,1
柴田 正人,飯村 穰,1
柴田 正人,飯野 修一,1
柴田 正人,馬場 茂,1
柴田 正人,高橋 利郎,1
柴田 正人,野本 秀正,1
柴田 正人,高橋 康次郎,1
柴田 正人,高橋 順子,1
柴田 正人,鴇田 恵子,1
柴田 裕介,田中 伸哉,1
柴田 裕介,高橋 俊成,1
栃倉 辰六郎,桑平 秀夫,1
柴田 正人,金田 弘挙,1
柴田 正人,野口 雅敏,1
柴田 正人,石井 降幸,1
柴田 正人,舟橋 章,1
柴田 正人,石原 和夫,1
柴田 正人,神田 晃敬,1
柴田 正人,秋山 裕一,1
柴田 正人,竹村 成三,1
柴田 正人,羽田 輝美,1
柴田 正人,舘 博,1
柴田 正人,若井 芳則,1
柴田 正人,近藤 恭一,1
柴田 正人,蓼沼 誠,1
柴田 正人,藪内 精三,1
柴田 正人,西川 紀男,1
柴田 正人,西方 君恵,1
柴田 正人,西村 顕,1
柴田 正人,赤尾 綾子,1
松本 邦男,西川 紀男,1
松本 邦男,蓼沼 誠,1
桑平 秀夫,浦野 直人,1
村 清司,松井 菊恵,1
杉山 誠,玉置 尚徳,1
杉山 誠,稲垣 瑞穂,1
杉山 誠,鈴木 徹,1
杉田 佑輔,石川 雄章,1
杉田 佑輔,花牟礼 研一,1
杉田 佑輔,藤野 舜一,1
村 清司,松本 邦男,1
杉山 誠,正木 和夫,1
村 清司,林田 晋策,1
村 清司,柳田 藤治,1
村 清司,柴田 正人,1
村 清司,栃倉 辰六郎,1
村 清司,桑平 秀夫,1
村 清司,椎木 敏,1
杉山 誠,澤井 美伯,1
杉山 峰崇,松下 青葉,1
村 清司,横森 洋一,1
本馬 健光,高尾 享司,1
本馬 健光,鍵本 佳孝,1
本馬 健光,鎌田 耕造,1
本馬 健光,長尾 敬一,1
本馬 健光,飯村 穰,1
本馬 健光,飯野 修一,1
本馬 健光,馬場 茂,1
本馬 健光,高橋 利郎,1
杉山 信之,近藤 徹弥,1
本馬 健光,高橋 康次郎,1
本馬 健光,高橋 順子,1
本馬 健光,鴇田 恵子,1
杉山 信之,榊原 康彰,1
杉山 信之,船井 秀哉,1
杉山 信之,赤尾 健,1
村 清司,榛葉 芳夫,1
村 清司,水品 圭司,1
本馬 健光,野本 秀正,1
村 清司,竹村 成三,1
村 清司,白石 真奈美,1
村 清司,矢野 幸男,1
村 清司,石井 降幸,1
村 清司,石原 和夫,1
村 清司,神田 晃敬,1
村 清司,秋山 裕一,1
村 清司,羽田 輝美,1
村 清司,田原 孝嗣,1
村 清司,舘 博,1
村 清司,舟橋 章,1
村 清司,若井 芳則,1
村 清司,蓼沼 誠,1
村 清司,藪内 精三,1
村 清司,西川 紀男,1
村 清司,田島 和成,1
村 清司,田代 道夫,1
村 清司,水津 哲義,1
村 清司,清水 健一,1
村 清司,永井 英雄,1
村 清司,永見 憲三,1
村 清司,泉 禄郎,1
村 清司,津田 孝範,1
村 清司,浜地 正昭,1
村 清司,浦野 直人,1
村 清司,清水 文夫,1
村 清司,田仁 祥信,1
村 清司,清水 理通,1
村 清司,渋谷 泰子,1
村 清司,渡辺 正平,1
村 清司,狩野 幸信,1
村 清司,田中 準浩,1
村 清司,田中 裕之,1
本馬 健光,金田 弘挙,1
本馬 健光,野口 雅敏,1
村 清司,西村 顕,1
本馬 健光,松本 邦男,1
本間 伸夫,高橋 利郎,1
本間 伸夫,高橋 康次郎,1
本間 伸夫,高橋 順子,1
本間 伸夫,鴇田 恵子,1
本馬 健光,村 清司,1
本馬 健光,東田 優子,1
本馬 健光,林田 晋策,1
本間 伸夫,馬場 茂,1
本馬 健光,柳田 藤治,1
本馬 健光,柴田 正人,1
本馬 健光,栃倉 辰六郎,1
本馬 健光,桑平 秀夫,1
本馬 健光,椎木 敏,1
本馬 健光,榛葉 芳夫,1
本間 伸夫,高尾 享司,1
本間 伸夫,飯野 修一,1
本馬 健光,水品 圭司,1
本間 伸夫,赤尾 綾子,1
本間 伸夫,若井 芳則,1
本間 伸夫,蓼沼 誠,1
本間 伸夫,藪内 精三,1
本間 伸夫,西川 紀男,1
本間 伸夫,西方 君恵,1
本間 伸夫,西村 顕,1
本間 伸夫,近藤 恭一,1
本間 伸夫,飯村 穰,1
本間 伸夫,野口 雅敏,1
本間 伸夫,野本 秀正,1
本間 伸夫,金田 弘挙,1
本間 伸夫,鍵本 佳孝,1
本間 伸夫,鎌田 耕造,1
本間 伸夫,長尾 敬一,1
本馬 健光,横森 洋一,1
本馬 健光,水津 哲義,1
本馬 健光,近藤 恭一,1
本馬 健光,舟橋 章,1
本馬 健光,石井 降幸,1
本馬 健光,石原 和夫,1
本馬 健光,秋山 裕一,1
本馬 健光,竹村 成三,1
本馬 健光,羽田 輝美,1
本馬 健光,舘 博,1
本馬 健光,若井 芳則,1
本馬 健光,白石 真奈美,1
本馬 健光,蓼沼 誠,1
本馬 健光,藪内 精三,1
本馬 健光,西川 紀男,1
本馬 健光,西方 君恵,1
本馬 健光,西村 顕,1
本馬 健光,赤尾 綾子,1
本馬 健光,矢野 幸男,1
本馬 健光,田島 和成,1
本馬 健光,永井 英雄,1
本馬 健光,清水 理通,1
本馬 健光,永見 憲三,1
本馬 健光,泉 禄郎,1
本馬 健光,津田 孝範,1
本馬 健光,浦野 直人,1
本馬 健光,清水 健一,1
本馬 健光,清水 文夫,1
本馬 健光,渋谷 泰子,1
本馬 健光,田原 孝嗣,1
本馬 健光,渡辺 正平,1
本馬 健光,狩野 幸信,1
本馬 健光,田中 準浩,1
本馬 健光,田中 裕之,1
本馬 健光,田仁 祥信,1
小林 信也,白石 真奈美,1
村 清司,西方 君恵,1
村 清司,赤尾 綾子,1
松本 邦男,若井 芳則,1
松土 俊秀,横塚 弘毅,1
松井 菊恵,馬場 茂,1
松井 菊恵,高尾 享司,1
松井 菊恵,高橋 利郎,1
松井 菊恵,高橋 康次郎,1
松井 菊恵,高橋 順子,1
松井 菊恵,鴇田 恵子,1
松土 俊秀,矢嶋 端夫,1
松井 菊恵,飯村 穰,1
松土 俊秀,高柳 勉,1
松本 信彦,高田 清文,1
松本 信彦,齋藤 浩,1
松本 菜月,金内 誠,1
松本 邦男,林田 晋策,1
松本 邦男,柳田 藤治,1
松井 菊恵,飯野 修一,1
松井 菊恵,長尾 敬一,1
松本 邦男,栃倉 辰六郎,1
松井 菊恵,西方 君恵,1
松井 菊恵,舘 博,1
松井 菊恵,舟橋 章,1
松井 菊恵,若井 芳則,1
松井 菊恵,蓼沼 誠,1
松井 菊恵,藪内 精三,1
松井 菊恵,西川 紀男,1
松井 菊恵,西村 顕,1
松井 菊恵,鎌田 耕造,1
松井 菊恵,赤尾 綾子,1
松井 菊恵,近藤 恭一,1
松井 菊恵,野口 雅敏,1
松井 菊恵,野本 秀正,1
松井 菊恵,金田 弘挙,1
松井 菊恵,鍵本 佳孝,1
松本 邦男,柴田 正人,1
松本 邦男,桑平 秀夫,1
松井 菊恵,竹村 成三,1
松本 邦男,石井 降幸,1
松本 邦男,田仁 祥信,1
松本 邦男,田代 道夫,1
松本 邦男,田原 孝嗣,1
松本 邦男,田島 和成,1
松本 邦男,白石 真奈美,1
松本 邦男,矢野 幸男,1
松本 邦男,石原 和夫,1
松本 邦男,田中 準浩,1
松本 邦男,神田 晃敬,1
松本 邦男,秋山 裕一,1
松本 邦男,竹村 成三,1
松本 邦男,羽田 輝美,1
松本 邦男,舘 博,1
松本 邦男,舟橋 章,1
松本 邦男,田中 裕之,1
松本 邦男,狩野 幸信,1
松本 邦男,椎木 敏,1
松本 邦男,泉 禄郎,1
松本 邦男,榛葉 芳夫,1
松本 邦男,横森 洋一,1
松本 邦男,水品 圭司,1
松本 邦男,水津 哲義,1
松本 邦男,永井 英雄,1
松本 邦男,永見 憲三,1
松本 邦男,津田 孝範,1
松本 邦男,渡辺 正平,1
松本 邦男,浜地 正昭,1
松本 邦男,浦野 直人,1
松本 邦男,清水 健一,1
松本 邦男,清水 文夫,1
松本 邦男,清水 理通,1
松本 邦男,渋谷 泰子,1
松井 菊恵,羽田 輝美,1
松井 菊恵,秋山 裕一,1
村 清司,近藤 恭一,1
村田 晃,神田 康三,1
村上 智子,髙木 昌美,1
村松 昇,林 幹雄,1
村松 昇,添川 一寛,1
村松 昇,猪狩 信次,1
村田 幸作,橋本 渉,1
村田 幸作,門間 敬子,1
村田 晃,西田 豊彦,1
村上 智子,福田 央,1
杜 連祥,瀧田 正美,1
杜 連祥,荒巻 功,1
東 和男,青木 武夫,1
東江 昭夫,河村 大造,1
東江 昭夫,河野 勇人,1
東江 昭夫,産本 弘之,1
村上 智子,赤尾 健,1
村上 智子,渡辺 守,1
東田 優子,神田 晃敬,1
村 清司,飯村 穰,1
村 清司,野口 雅敏,1
村 清司,野本 秀正,1
村 清司,金田 弘挙,1
村 清司,鍵本 佳孝,1
村 清司,鎌田 耕造,1
村 清司,長尾 敬一,1
村 清司,飯野 修一,1
村上 智子,渡辺 大輔,1
村 清司,馬場 茂,1
村 清司,高尾 享司,1
村 清司,高橋 利郎,1
村 清司,高橋 康次郎,1
村 清司,高橋 順子,1
村 清司,鴇田 恵子,1
東田 優子,浜地 正昭,1
松丸 克己,磯谷 敦子,1
松井 菊恵,石原 和夫,1
松井 菊恵,田中 裕之,1
松井 菊恵,清水 文夫,1
松井 菊恵,清水 理通,1
松井 菊恵,渋谷 泰子,1
松井 菊恵,渡辺 正平,1
松井 菊恵,狩野 幸信,1
松井 菊恵,田中 準浩,1
松井 菊恵,田仁 祥信,1
松井 菊恵,浦野 直人,1
松井 菊恵,田代 道夫,1
松井 菊恵,田原 孝嗣,1
松井 菊恵,田島 和成,1
松井 菊恵,白石 真奈美,1
松井 菊恵,矢野 幸男,1
松井 菊恵,石井 降幸,1
松井 菊恵,清水 健一,1
松井 菊恵,津田 孝範,1
松丸 克己,神田 涼子,1
松井 菊恵,桑平 秀夫,1
松丸 克己,須藤 茂俊,1
松井 菊恵,松本 邦男,1
松井 菊恵,林田 晋策,1
松井 菊恵,柳田 藤治,1
松井 菊恵,柴田 正人,1
松井 菊恵,栃倉 辰六郎,1
松井 菊恵,椎木 敏,1
松井 菊恵,泉 禄郎,1
松井 菊恵,榛葉 芳夫,1
松井 菊恵,横森 洋一,1
松井 菊恵,水品 圭司,1
松井 菊恵,水津 哲義,1
松井 菊恵,永井 英雄,1
松井 菊恵,永見 憲三,1
桑平 秀夫,浜地 正昭,1
桑平 秀夫,清水 健一,1
浜地 正昭,若井 芳則,1
永井 英雄,鍵本 佳孝,1
永井 英雄,西川 紀男,1
永井 英雄,西方 君恵,1
永井 英雄,赤尾 綾子,1
永井 英雄,野口 雅敏,1
永井 英雄,野本 秀正,1
永井 英雄,金田 弘挙,1
永井 英雄,鎌田 耕造,1
永井 英雄,蓼沼 誠,1
永井 英雄,長尾 敬一,1
永井 英雄,長谷 篤,1
永井 英雄,飯村 穰,1
永井 英雄,飯野 修一,1
永井 英雄,馬場 茂,1
永井 英雄,高尾 享司,1
永井 英雄,藪内 精三,1
永井 英雄,若井 芳則,1
永井 英雄,高橋 康次郎,1
永井 英雄,白石 真奈美,1
永井 英雄,狩野 幸信,1
永井 英雄,田中 裕之,1
永井 英雄,田仁 祥信,1
永井 英雄,田代 道夫,1
永井 英雄,田原 孝嗣,1
永井 英雄,田島 和成,1
永井 英雄,矢野 幸男,1
永井 英雄,舟橋 章,1
永井 英雄,石井 降幸,1
永井 英雄,石原 和夫,1
永井 英雄,神田 晃敬,1
永井 英雄,秋山 裕一,1
永井 英雄,羽田 輝美,1
永井 英雄,舘 博,1
永井 英雄,高橋 利郎,1
永井 英雄,高橋 順子,1
永井 英雄,渡辺 睦,1
永見 憲三,舘 博,1
永見 憲三,石井 降幸,1
永見 憲三,石原 和夫,1
永見 憲三,神田 晃敬,1
永見 憲三,秋山 裕一,1
永見 憲三,竹村 成三,1
永見 憲三,羽田 輝美,1
永見 憲三,舟橋 章,1
永見 憲三,白石 真奈美,1
永見 憲三,若井 芳則,1
永見 憲三,蓼沼 誠,1
永見 憲三,藪内 精三,1
永見 憲三,西川 紀男,1
永見 憲三,西方 君恵,1
永見 憲三,西村 顕,1
永見 憲三,矢野 幸男,1
永見 憲三,田島 和成,1
永井 英雄,鴇田 恵子,1
永見 憲三,清水 理通,1
永見 憲三,泉 禄郎,1
永見 憲三,津田 孝範,1
永見 憲三,浜地 正昭,1
永見 憲三,浦野 直人,1
永見 憲三,清水 健一,1
永見 憲三,清水 文夫,1
永見 憲三,渋谷 泰子,1
永見 憲三,田原 孝嗣,1
永見 憲三,渡辺 正平,1
永見 憲三,狩野 幸信,1
永見 憲三,田中 準浩,1
永見 憲三,田中 裕之,1
永見 憲三,田仁 祥信,1
永見 憲三,田代 道夫,1
永井 英雄,溝口(藤城) 弘子,1
永井 英雄,渡辺 正平,1
永見 憲三,近藤 恭一,1
水津 哲義,神田 晃敬,1
水津 哲義,田原 孝嗣,1
水津 哲義,田島 和成,1
水津 哲義,白石 真奈美,1
水津 哲義,矢野 幸男,1
水津 哲義,石井 降幸,1
水津 哲義,石原 和夫,1
水津 哲義,秋山 裕一,1
水津 哲義,田仁 祥信,1
水津 哲義,竹村 成三,1
水津 哲義,羽田 輝美,1
水津 哲義,舘 博,1
水津 哲義,舟橋 章,1
水津 哲義,若井 芳則,1
水津 哲義,蓼沼 誠,1
水津 哲義,田代 道夫,1
水津 哲義,田中 裕之,1
水津 哲義,西川 紀男,1
水津 哲義,浜地 正昭,1
水沼 正樹,田村 博康,1
水沼 正樹,赤尾 健,1
水津 哲義,永井 英雄,1
水津 哲義,永見 憲三,1
水津 哲義,泉 禄郎,1
水津 哲義,津田 孝範,1
水津 哲義,浦野 直人,1
水津 哲義,田中 準浩,1
水津 哲義,清水 健一,1
水津 哲義,清水 文夫,1
水津 哲義,清水 理通,1
水津 哲義,渋谷 泰子,1
水津 哲義,渡辺 正平,1
水津 哲義,狩野 幸信,1
水津 哲義,藪内 精三,1
水津 哲義,西方 君恵,1
永井 英雄,渋谷 泰子,1
永井 英雄,池上 勝,1
水谷 政美,藤原 絵美,1
水谷 政美,藤田 依里,1
水谷 政美,越智 洋,1
水谷 政美,高下 秀春,1
水野 昭博,高橋 利郎,1
永井 英雄,永見 憲三,1
永井 英雄,泉 禄郎,1
水谷 政美,祝園 秀樹,1
永井 英雄,津田 孝範,1
永井 英雄,浜地 正昭,1
永井 英雄,浦野 直人,1
永井 英雄,清水 健一,1
永井 英雄,清水 文夫,1
永井 英雄,清水 理通,1
水谷 政美,竹下 淳子,1
水津 哲義,鴇田 恵子,1
水津 哲義,西村 顕,1
水津 哲義,鎌田 耕造,1
水津 哲義,赤尾 綾子,1
水津 哲義,近藤 恭一,1
水津 哲義,野口 雅敏,1
水津 哲義,野本 秀正,1
水津 哲義,金田 弘挙,1
水津 哲義,鍵本 佳孝,1
水津 哲義,長尾 敬一,1
水津 哲義,高橋 順子,1
水津 哲義,飯村 穰,1
水津 哲義,飯野 修一,1
水津 哲義,馬場 茂,1
水津 哲義,高尾 享司,1
水津 哲義,高橋 利郎,1
水津 哲義,高橋 康次郎,1
永見 憲三,赤尾 綾子,1
永見 憲三,野口 雅敏,1
水品 圭司,鴇田 恵子,1
津田 孝範,西方 君恵,1
津田 孝範,舘 博,1
津田 孝範,舟橋 章,1
津田 孝範,若井 芳則,1
津田 孝範,蓼沼 誠,1
津田 孝範,藪内 精三,1
津田 孝範,西川 紀男,1
津田 孝範,西村 顕,1
津田 孝範,竹村 成三,1
津田 孝範,赤尾 綾子,1
津田 孝範,近藤 恭一,1
津田 孝範,野口 雅敏,1
津田 孝範,野本 秀正,1
津田 孝範,金田 弘挙,1
津田 孝範,鍵本 佳孝,1
津田 孝範,羽田 輝美,1
津田 孝範,秋山 裕一,1
津田 孝範,長尾 敬一,1
津田 孝範,田仁 祥信,1
津田 孝範,清水 理通,1
津田 孝範,渋谷 泰子,1
津田 孝範,渡辺 正平,1
津田 孝範,狩野 幸信,1
津田 孝範,田中 準浩,1
津田 孝範,田中 裕之,1
津田 孝範,田代 道夫,1
津田 孝範,神田 晃敬,1
津田 孝範,田原 孝嗣,1
津田 孝範,田島 和成,1
津田 孝範,白石 真奈美,1
津田 孝範,矢野 幸男,1
津田 孝範,石井 降幸,1
津田 孝範,石原 和夫,1
津田 孝範,鎌田 耕造,1
津田 孝範,飯村 穰,1
津田 孝範,清水 健一,1
浜地 正昭,矢野 幸男,1
浜地 正昭,田中 裕之,1
浜地 正昭,田仁 祥信,1
浜地 正昭,田代 道夫,1
浜地 正昭,田原 孝嗣,1
浜地 正昭,田島 和成,1
浜地 正昭,白石 真奈美,1
浜地 正昭,石井 降幸,1
浜地 正昭,狩野 幸信,1
浜地 正昭,石原 和夫,1
浜地 正昭,秋山 裕一,1
浜地 正昭,竹村 成三,1
浜地 正昭,羽田 輝美,1
浜地 正昭,舘 博,1
浜地 正昭,舟橋 章,1
浜地 正昭,田中 準浩,1
浜地 正昭,渡辺 正平,1
津田 孝範,飯野 修一,1
浅野 忠男,田村 健一,1
津田 孝範,馬場 茂,1
津田 孝範,高尾 享司,1
津田 孝範,高橋 利郎,1
津田 孝範,高橋 康次郎,1
津田 孝範,高橋 順子,1
津田 孝範,鴇田 恵子,1
浅野 忠男,矢野 駿太郎,1
浜地 正昭,渋谷 泰子,1
浅野 忠男,高倉 裕,1
浅野 忠男,高橋 康次郎,1
浜地 正昭,浦野 直人,1
浜地 正昭,清水 健一,1
浜地 正昭,清水 文夫,1
浜地 正昭,清水 理通,1
津田 孝範,清水 文夫,1
津田 孝範,浦野 直人,1
永見 憲三,野本 秀正,1
泉 禄郎,清水 健一,1
河村 正輝,渡辺 正平,1
河村 正輝,菊池 良充,1
河村 正輝,葛西 宏威,1
泉 禄郎,津田 孝範,1
泉 禄郎,浜地 正昭,1
泉 禄郎,浦野 直人,1
泉 禄郎,清水 文夫,1
池上 勝,近藤 恭一,1
泉 禄郎,清水 理通,1
泉 禄郎,渋谷 泰子,1
泉 禄郎,渡辺 正平,1
泉 禄郎,狩野 幸信,1
泉 禄郎,田中 準浩,1
泉 禄郎,田中 裕之,1
池上 勝,長谷 篤,1
江藤 義春,高見澤 一裕,1
泉 禄郎,田代 道夫,1
永見 憲三,馬場 茂,1
永見 憲三,金田 弘挙,1
永見 憲三,鍵本 佳孝,1
永見 憲三,鎌田 耕造,1
永見 憲三,長尾 敬一,1
永見 憲三,飯村 穰,1
永見 憲三,飯野 修一,1
永見 憲三,高尾 享司,1
江藤 義春,赤野 裕文,1
永見 憲三,高橋 利郎,1
永見 憲三,高橋 康次郎,1
永見 憲三,高橋 順子,1
永見 憲三,鴇田 恵子,1
江口 将也,須藤 茂俊,1
江藤 義春,矢橋 裕一,1
泉 禄郎,田仁 祥信,1
泉 禄郎,田原 孝嗣,1
津田 孝範,浜地 正昭,1
泉 禄郎,飯村 穰,1
泉 禄郎,野口 雅敏,1
泉 禄郎,野本 秀正,1
泉 禄郎,金田 弘挙,1
泉 禄郎,鍵本 佳孝,1
泉 禄郎,鎌田 耕造,1
泉 禄郎,長尾 敬一,1
泉 禄郎,飯野 修一,1
泉 禄郎,赤尾 綾子,1
泉 禄郎,馬場 茂,1
泉 禄郎,高尾 享司,1
泉 禄郎,高橋 利郎,1
泉 禄郎,高橋 康次郎,1
泉 禄郎,高橋 順子,1
泉 禄郎,鴇田 恵子,1
泉 禄郎,近藤 恭一,1
泉 禄郎,西村 顕,1
泉 禄郎,田島 和成,1
泉 禄郎,竹村 成三,1
泉 禄郎,白石 真奈美,1
泉 禄郎,矢野 幸男,1
泉 禄郎,石井 降幸,1
泉 禄郎,石原 和夫,1
泉 禄郎,神田 晃敬,1
泉 禄郎,秋山 裕一,1
泉 禄郎,羽田 輝美,1
泉 禄郎,西方 君恵,1
泉 禄郎,舘 博,1
泉 禄郎,舟橋 章,1
泉 禄郎,若井 芳則,1
泉 禄郎,蓼沼 誠,1
泉 禄郎,藪内 精三,1
泉 禄郎,西川 紀男,1
水沼 正樹,渡邊 健一,1
水品 圭司,高橋 順子,1
桑平 秀夫,清水 文夫,1
椎木 敏,西川 紀男,1
椎木 敏,羽田 輝美,1
椎木 敏,舘 博,1
椎木 敏,舟橋 章,1
椎木 敏,若井 芳則,1
椎木 敏,蓼沼 誠,1
椎木 敏,藪内 精三,1
椎木 敏,西方 君恵,1
椎木 敏,秋山 裕一,1
椎木 敏,西村 顕,1
椎木 敏,赤尾 綾子,1
椎木 敏,近藤 恭一,1
椎木 敏,野口 雅敏,1
椎木 敏,野本 秀正,1
椎木 敏,金田 弘挙,1
椎木 敏,竹村 成三,1
椎木 敏,福田 清治,1
椎木 敏,鎌田 耕造,1
椎木 敏,田仁 祥信,1
椎木 敏,清水 理通,1
椎木 敏,渋谷 泰子,1
椎木 敏,渡辺 正平,1
椎木 敏,狩野 幸信,1
椎木 敏,田中 準浩,1
椎木 敏,田中 裕之,1
椎木 敏,田代 道夫,1
椎木 敏,神田 晃敬,1
椎木 敏,田原 孝嗣,1
椎木 敏,田島 和成,1
椎木 敏,白石 真奈美,1
椎木 敏,矢野 幸男,1
椎木 敏,石井 降幸,1
椎木 敏,石原 和夫,1
椎木 敏,鍵本 佳孝,1
椎木 敏,長尾 敬一,1
椎木 敏,清水 健一,1
榛葉 芳夫,狩野 幸信,1
榛葉 芳夫,浦野 直人,1
榛葉 芳夫,清水 健一,1
榛葉 芳夫,清水 文夫,1
榛葉 芳夫,清水 理通,1
榛葉 芳夫,渋谷 泰子,1
榛葉 芳夫,渡辺 正平,1
榛葉 芳夫,田中 準浩,1
榛葉 芳夫,津田 孝範,1
榛葉 芳夫,田中 裕之,1
榛葉 芳夫,田仁 祥信,1
榛葉 芳夫,田代 道夫,1
榛葉 芳夫,田原 孝嗣,1
榛葉 芳夫,田島 和成,1
榛葉 芳夫,白石 真奈美,1
榛葉 芳夫,浜地 正昭,1
榛葉 芳夫,泉 禄郎,1
椎木 敏,飯村 穰,1
椎木 敏,鴇田 恵子,1
椎木 敏,飯野 修一,1
椎木 敏,馬場 茂,1
椎木 敏,高尾 享司,1
椎木 敏,高橋 利郎,1
椎木 敏,高橋 康次郎,1
椎木 敏,高橋 順子,1
榊原 康彰,船井 秀哉,1
榛葉 芳夫,永見 憲三,1
榊原 康彰,赤尾 健,1
榊原 康彰,近藤 徹弥,1
榛葉 芳夫,横森 洋一,1
榛葉 芳夫,水品 圭司,1
榛葉 芳夫,水津 哲義,1
榛葉 芳夫,永井 英雄,1
椎木 敏,清水 文夫,1
椎木 敏,浦野 直人,1
榛葉 芳夫,石井 降幸,1
桑平 秀夫,西方 君恵,1
桑平 秀夫,舘 博,1
桑平 秀夫,舟橋 章,1
桑平 秀夫,若井 芳則,1
桑平 秀夫,蓼沼 誠,1
桑平 秀夫,藪内 精三,1
桑平 秀夫,西川 紀男,1
桑平 秀夫,西村 顕,1
桑平 秀夫,竹村 成三,1
桑平 秀夫,赤尾 綾子,1
桑平 秀夫,近藤 恭一,1
桑平 秀夫,野口 雅敏,1
桑平 秀夫,野本 秀正,1
桑平 秀夫,金田 弘挙,1
桑平 秀夫,鍵本 佳孝,1
桑平 秀夫,羽田 輝美,1
桑平 秀夫,秋山 裕一,1
桑平 秀夫,長尾 敬一,1
桑平 秀夫,田仁 祥信,1
桑平 秀夫,清水 理通,1
桑平 秀夫,渋谷 泰子,1
桑平 秀夫,渡辺 正平,1
桑平 秀夫,狩野 幸信,1
桑平 秀夫,田中 準浩,1
桑平 秀夫,田中 裕之,1
桑平 秀夫,田代 道夫,1
桑平 秀夫,神田 晃敬,1
桑平 秀夫,田原 孝嗣,1
桑平 秀夫,田島 和成,1
桑平 秀夫,白石 真奈美,1
桑平 秀夫,矢野 幸男,1
桑平 秀夫,石井 降幸,1
桑平 秀夫,石原 和夫,1
桑平 秀夫,鎌田 耕造,1
桑平 秀夫,飯村 穰,1
椎木 敏,浜地 正昭,1
椎木 敏,榛葉 芳夫,1
森本（榊原） 舞子,渡邊 賢明,1
森本（榊原） 舞子,秦 洋二,1
森本（榊原） 舞子,葛西 寛一,1
森村 茂,湯 岳琴,1
椎名 将平,金古 堅太郎,1
椎名 将平,鈴木 浩武,1
椎木 敏,横森 洋一,1
森山 裕理子,青山 嘉宏,1
椎木 敏,水品 圭司,1
椎木 敏,水津 哲義,1
椎木 敏,永井 英雄,1
椎木 敏,永見 憲三,1
椎木 敏,泉 禄郎,1
椎木 敏,津田 孝範,1
森川 智,西谷 尚道,1
森山 裕理子,殿内 暁夫,1
桑平 秀夫,飯野 修一,1
梅田 紀彦,福田 整,1
桑平 秀夫,馬場 茂,1
桑平 秀夫,高尾 享司,1
桑平 秀夫,高橋 利郎,1
桑平 秀夫,高橋 康次郎,1
桑平 秀夫,高橋 順子,1
桑平 秀夫,鴇田 恵子,1
梅田 紀彦,角田 朝子,1
森 将士,高橋 英司,1
梅田 紀彦,高宮 義治,1
梶原 康博,水谷 政美,1
梶原 康博,藤原 絵美,1
梶原 康博,高下 秀春,1
梶原 康博,高山 清子,1
森 将士,田邊 幾之助,1
榛葉 芳夫,矢野 幸男,1
榛葉 芳夫,石原 和夫,1
水品 圭司,高橋 康次郎,1
水品 圭司,津田 孝範,1
武田 穣,鈴木 市郎,1
殿内 暁夫,青山 嘉宏,1
水品 圭司,水津 哲義,1
水品 圭司,永井 英雄,1
水品 圭司,永見 憲三,1
水品 圭司,泉 禄郎,1
水品 圭司,浜地 正昭,1
正木 和夫,稲垣 瑞穂,1
水品 圭司,浦野 直人,1
水品 圭司,清水 健一,1
水品 圭司,清水 文夫,1
水品 圭司,清水 理通,1
水品 圭司,渋谷 泰子,1
水品 圭司,渡辺 正平,1
正木 和夫,鈴木 徹,1
正木 和夫,玉置 尚徳,1
水品 圭司,田中 準浩,1
横森 洋一,高橋 利郎,1
横森 洋一,長尾 敬一,1
横森 洋一,雨宮 秀仁,1
横森 洋一,飯村 穰,1
横森 洋一,飯野 修一,1
横森 洋一,馬場 茂,1
横森 洋一,高尾 享司,1
横森 洋一,高橋 康次郎,1
正木 和夫,澤井 美伯,1
横森 洋一,高橋 順子,1
横森 洋一,鴇田 恵子,1
橋本 渉,門間 敬子,1
橋爪 克己,米原 由希,1
橋爪 克己,荒巻 功,1
櫻井 廣,米倉 裕一,1
水品 圭司,狩野 幸信,1
水品 圭司,田中 裕之,1
横森 洋一,鍵本 佳孝,1
水品 圭司,鍵本 佳孝,1
水品 圭司,西村 顕,1
水品 圭司,赤尾 綾子,1
水品 圭司,近藤 恭一,1
水品 圭司,野口 雅敏,1
水品 圭司,野本 秀正,1
水品 圭司,金田 弘挙,1
水品 圭司,鎌田 耕造,1
水品 圭司,西川 紀男,1
水品 圭司,長尾 敬一,1
水品 圭司,飯村 穰,1
水品 圭司,飯野 修一,1
水品 圭司,馬場 茂,1
水品 圭司,高尾 享司,1
水品 圭司,高橋 利郎,1
水品 圭司,西方 君恵,1
水品 圭司,藪内 精三,1
水品 圭司,田仁 祥信,1
水品 圭司,石原 和夫,1
水品 圭司,田代 道夫,1
水品 圭司,田原 孝嗣,1
水品 圭司,田島 和成,1
水品 圭司,白石 真奈美,1
水品 圭司,矢野 幸男,1
水品 圭司,石井 降幸,1
水品 圭司,神田 晃敬,1
水品 圭司,蓼沼 誠,1
水品 圭司,秋山 裕一,1
水品 圭司,竹村 成三,1
水品 圭司,羽田 輝美,1
水品 圭司,舘 博,1
水品 圭司,舟橋 章,1
水品 圭司,若井 芳則,1
横森 洋一,鎌田 耕造,1
横森 洋一,金田 弘挙,1
榛葉 芳夫,神田 晃敬,1
榛葉 芳夫,高橋 利郎,1
榛葉 芳夫,鎌田 耕造,1
榛葉 芳夫,長尾 敬一,1
榛葉 芳夫,飯村 穰,1
榛葉 芳夫,飯野 修一,1
榛葉 芳夫,馬場 茂,1
榛葉 芳夫,高尾 享司,1
榛葉 芳夫,高橋 康次郎,1
榛葉 芳夫,金田 弘挙,1
榛葉 芳夫,高橋 順子,1
榛葉 芳夫,鴇田 恵子,1
横塚 弘毅,矢嶋 端夫,1
横塚 弘毅,福井 正一,1
横森 洋一,水品 圭司,1
横森 洋一,水津 哲義,1
榛葉 芳夫,鍵本 佳孝,1
榛葉 芳夫,野本 秀正,1
横森 洋一,永見 憲三,1
榛葉 芳夫,蓼沼 誠,1
榛葉 芳夫,秋山 裕一,1
榛葉 芳夫,竹村 成三,1
榛葉 芳夫,羽田 輝美,1
榛葉 芳夫,舘 博,1
榛葉 芳夫,舟橋 章,1
榛葉 芳夫,若井 芳則,1
榛葉 芳夫,藪内 精三,1
榛葉 芳夫,野口 雅敏,1
榛葉 芳夫,蟻川 幸彦,1
榛葉 芳夫,西川 紀男,1
榛葉 芳夫,西方 君恵,1
榛葉 芳夫,西村 顕,1
榛葉 芳夫,赤尾 綾子,1
榛葉 芳夫,近藤 恭一,1
横森 洋一,永井 英雄,1
横森 洋一,泉 禄郎,1
横森 洋一,野本 秀正,1
横森 洋一,蓼沼 誠,1
横森 洋一,秋山 裕一,1
横森 洋一,竹村 成三,1
横森 洋一,羽田 輝美,1
横森 洋一,舘 博,1
横森 洋一,舟橋 章,1
横森 洋一,若井 芳則,1
横森 洋一,藪内 精三,1
横森 洋一,石原 和夫,1
横森 洋一,西川 紀男,1
横森 洋一,西方 君恵,1
横森 洋一,西村 顕,1
横森 洋一,赤尾 綾子,1
横森 洋一,近藤 恭一,1
横森 洋一,野口 雅敏,1
横森 洋一,神田 晃敬,1
横森 洋一,石井 降幸,1
横森 洋一,津田 孝範,1
横森 洋一,狩野 幸信,1
横森 洋一,浜地 正昭,1
横森 洋一,浦野 直人,1
横森 洋一,清水 文夫,1
横森 洋一,清水 理通,1
横森 洋一,渋谷 泰子,1
横森 洋一,渡辺 正平,1
横森 洋一,田中 準浩,1
横森 洋一,矢野 幸男,1
横森 洋一,田中 裕之,1
横森 洋一,田仁 祥信,1
横森 洋一,田代 道夫,1
横森 洋一,田原 孝嗣,1
横森 洋一,田島 和成,1
横森 洋一,白石 真奈美,1
小林 信也,矢野 幸男,1
小林 信也,小野 美代子,1
小林 信也,田島 和成,1
中谷 和夫,泉 禄郎,1
井上 喬,川合 菜穂美,1
井上 喬,川戸 章嗣,1
井上 喬,市川 英治,1
井上 喬,布川 弥太郎,1
井上 喬,平田 勤,1
井上 喬,戸塚 昭,1
井上 喬,新村 洋一,1
井上 喬,曽根 秀隆,1
井上 喬,木曾 邦明,1
井上 喬,木村 與司雄,1
井上 喬,本間 伸夫,1
井上 喬,本馬 健光,1
井上 喬,村 清司,1
井上 喬,松井 菊恵,1
井上 喬,松本 邦男,1
井上 喬,島津 武,1
井上 喬,岩野 君夫,1
井上 喬,岩田 深也,1
井上 喬,小西 康夫,1
井上 喬,安部 康久,1
井上 喬,家藤 幸治,1
井上 喬,富田 実,1
井上 喬,小林 信也,1
井上 喬,小林 有一,1
井上 喬,小泉 幸道,1
井上 喬,小野 章夫,1
井上 喬,岩本 将稔,1
井上 喬,小野 美代子,1
井上 喬,尾形 智夫,1
井上 喬,山下 伸雄,1
井上 喬,岡崎 直人,1
井上 喬,岡本 竹己,1
井上 喬,岡田 早苗,1
井上 喬,林田 晋策,1
井上 喬,柳田 藤治,1
井上 喬,柴田 正人,1
井上 喬,白石 真奈美,1
井上 喬,田中 準浩,1
井上 喬,田中 裕之,1
井上 喬,田仁 祥信,1
井上 喬,田代 道夫,1
井上 喬,田原 孝嗣,1
井上 喬,田島 和成,1
井上 喬,矢野 幸男,1
井上 喬,渡辺 正平,1
井上 喬,石井 降幸,1
井上 喬,石原 和夫,1
井上 喬,神田 晃敬,1
井上 喬,秋山 裕一,1
井上 喬,竹村 成三,1
井上 喬,羽田 輝美,1
井上 喬,狩野 幸信,1
井上 喬,渋谷 泰子,1
井上 喬,栃倉 辰六郎,1
井上 喬,永井 英雄,1
井上 喬,桑平 秀夫,1
井上 喬,椎木 敏,1
井上 喬,榛葉 芳夫,1
井上 喬,横森 洋一,1
井上 喬,水品 圭司,1
井上 喬,水津 哲義,1
井上 喬,永見 憲三,1
井上 喬,清水 理通,1
井上 喬,泉 禄郎,1
井上 喬,津田 孝範,1
井上 喬,浜地 正昭,1
井上 喬,浦野 直人,1
井上 喬,清水 健一,1
井上 喬,清水 文夫,1
井上 喬,太田 一良,1
井上 喬,大河内 基夫,1
井上 喬,大塚 謙一,1
五味 勝也,野本 秀正,1
五味 勝也,西川 紀男,1
五味 勝也,西方 君恵,1
五味 勝也,西村 顕,1
五味 勝也,赤尾 綾子,1
五味 勝也,近藤 恭一,1
五味 勝也,野口 雅敏,1
五味 勝也,金田 弘挙,1
五味 勝也,蓼沼 誠,1
五味 勝也,鍵本 佳孝,1
五味 勝也,鎌田 耕造,1
五味 勝也,長尾 敬一,1
五味 勝也,飯村 穣,1
五味 勝也,飯村 穰,1
五味 勝也,飯野 修一,1
五味 勝也,藪内 精三,1
五味 勝也,若井 芳則,1
五味 勝也,高尾 享司,1
五味 勝也,石原 和夫,1
五味 勝也,田代 道夫,1
五味 勝也,田原 孝嗣,1
五味 勝也,田島 和成,1
五味 勝也,白石 真奈美,1
五味 勝也,矢野 幸男,1
五味 勝也,石井 降幸,1
五味 勝也,神田 晃敬,1
五味 勝也,舟橋 章,1
五味 勝也,福崎 英一郎,1
五味 勝也,福田 潔,1
五味 勝也,秋山 裕一,1
五味 勝也,竹村 成三,1
五味 勝也,羽田 輝美,1
五味 勝也,舘 博,1
五味 勝也,馬場 茂,1
五味 勝也,高橋 利郎,1
井上 喬,土屋 秀紀,1
井上 喬,北野 一好,1
井上 喬,佐川 浩昭,1
井上 喬,佐藤 俊一,1
井上 喬,佐藤 敦,1
井上 喬,佐藤 正之,1
井上 喬,内田 雅昭,1
井上 喬,前中 幹興,1
井上 喬,原 昌道,1
井上 喬,伊藤 文雄,1
井上 喬,友弘 幸男,1
井上 喬,古井 和久,1
井上 喬,吉沢 淑,1
井上 喬,吉澤 淑,1
井上 喬,吉田 和司,1
井上 喬,吹上 禎久,1
井上 喬,伊藤 清,1
井上 喬,今村 利久,1
五味 勝也,高橋 康次郎,1
五島 徹也,水沼 正樹,1
五味 勝也,高橋 順子,1
五味 勝也,鴇田 恵子,1
五島 徹也,平田 大,1
五島 徹也,末次-佐々木 春菜,1
五島 徹也,村上 智子,1
五島 徹也,栗林 喬,1
五島 徹也,渡辺 大輔,1
井上 喬,今安 聰,1
五島 徹也,渡辺 守,1
五島 徹也,渡邊 健一,1
五島 徹也,田村 博康,1
五島 徹也,福田 央,1
五島 徹也,髙木 昌美,1
井上 剛,新田 直人,1
井上 喬,舘 博,1
井上 喬,舟橋 章,1
井上 喬,若井 芳則,1
今安 聰,泉 禄郎,1
今安 聰,榛葉 芳夫,1
今安 聰,横森 洋一,1
今安 聰,水品 圭司,1
今安 聰,水津 哲義,1
今安 聰,永井 英雄,1
今安 聰,永見 憲三,1
今安 聰,津田 孝範,1
今安 聰,桑平 秀夫,1
今安 聰,浜地 正昭,1
今安 聰,浦野 直人,1
今安 聰,清水 健一,1
今安 聰,清水 文夫,1
今安 聰,清水 理通,1
今安 聰,渋谷 泰子,1
今安 聰,椎木 敏,1
今安 聰,栃倉 辰六郎,1
今安 聰,狩野 幸信,1
今安 聰,木村 與司雄,1
今安 聰,布川 弥太郎,1
今安 聰,平田 勤,1
今安 聰,戸塚 昭,1
今安 聰,新村 洋一,1
今安 聰,曽根 秀隆,1
今安 聰,木曾 邦明,1
今安 聰,本間 伸夫,1
今安 聰,柴田 正人,1
今安 聰,本馬 健光,1
今安 聰,村 清司,1
今安 聰,松井 菊恵,1
今安 聰,松本 邦男,1
今安 聰,林田 晋策,1
今安 聰,柳田 藤治,1
今安 聰,渡辺 正平,1
今安 聰,田中 準浩,1
今安 聰,川合 菜穂美,1
今安 聰,金田 弘挙,1
今安 聰,西方 君恵,1
今安 聰,西村 顕,1
今安 聰,赤尾 綾子,1
今安 聰,近藤 恭一,1
今安 聰,野口 雅敏,1
今安 聰,野本 秀正,1
今安 聰,鍵本 佳孝,1
今安 聰,藪内 精三,1
今安 聰,鎌田 耕造,1
今安 聰,長尾 敬一,1
今安 聰,飯村 穰,1
今安 聰,飯野 修一,1
今安 聰,馬場 茂,1
今安 聰,高尾 享司,1
今安 聰,西川 紀男,1
今安 聰,蓼沼 誠,1
今安 聰,田中 裕之,1
今安 聰,石井 降幸,1
今安 聰,田仁 祥信,1
今安 聰,田代 道夫,1
今安 聰,田原 孝嗣,1
今安 聰,田島 和成,1
今安 聰,白石 真奈美,1
今安 聰,矢野 幸男,1
今安 聰,石原 和夫,1
今安 聰,若井 芳則,1
今安 聰,神田 晃敬,1
今安 聰,秋山 裕一,1
今安 聰,竹村 成三,1
今安 聰,羽田 輝美,1
今安 聰,舘 博,1
今安 聰,舟橋 章,1
今安 聰,市川 英治,1
今安 聰,島津 武,1
井上 喬,蓼沼 誠,1
今井 裕景,岸本 宗和,1
井上 喬,高橋 順子,1
井上 喬,鴇田 恵子,1
井上 豊久,磯谷 敦子,1
井上 豊久,藤井 力,1
井沢 真吾,吉田 雅偲,1
今井 裕景,塩原 貫司,1
今井 裕景,柳田 藤寿,1
井上 喬,高橋 利郎,1
今井 裕景,萩原 健一,1
今井 裕貴,栗林 喬,1
今井 裕貴,畠山 明,1
今井 裕貴,遣水 潤,1
今井 裕貴,高橋 方夫,1
今安 聰,今村 利久,1
井上 喬,高橋 康次郎,1
井上 喬,高尾 享司,1
今安 聰,伊藤 清,1
井上 喬,野口 雅敏,1
井上 喬,藪内 精三,1
井上 喬,西川 紀男,1
井上 喬,西方 君恵,1
井上 喬,西村 顕,1
井上 喬,赤尾 綾子,1
井上 喬,近藤 恭一,1
井上 喬,野本 秀正,1
井上 喬,馬場 茂,1
井上 喬,金田 弘挙,1
井上 喬,鍵本 佳孝,1
井上 喬,鎌田 耕造,1
井上 喬,長尾 敬一,1
井上 喬,飯村 穰,1
井上 喬,飯野 修一,1
今安 聰,伊藤 文雄,1
今安 聰,佐川 浩昭,1
今安 聰,岩野 君夫,1
今安 聰,小野 美代子,1
今安 聰,富田 実,1
今安 聰,小林 信也,1
今安 聰,小林 有一,1
今安 聰,小泉 幸道,1
今安 聰,小西 康夫,1
今安 聰,小野 章夫,1
今安 聰,尾形 智夫,1
今安 聰,安部 康久,1
今安 聰,山下 伸雄,1
今安 聰,岡崎 直人,1
今安 聰,岡本 竹己,1
今安 聰,岡田 早苗,1
今安 聰,岩本 将稔,1
今安 聰,岩田 深也,1
今安 聰,家藤 幸治,1
今安 聰,太田 一良,1
今安 聰,佐藤 俊一,1
今安 聰,友弘 幸男,1
今安 聰,佐藤 敦,1
今安 聰,佐藤 正之,1
今安 聰,内田 雅昭,1
今安 聰,前中 幹興,1
今安 聰,北野 一好,1
今安 聰,原 昌道,1
今安 聰,古井 和久,1
今安 聰,大河内 基夫,1
今安 聰,吉沢 淑,1
今安 聰,吉澤 淑,1
今安 聰,吉田 和司,1
今安 聰,吹上 禎久,1
今安 聰,土屋 秀紀,1
今安 聰,大塚 謙一,1
五味 勝也,田仁 祥信,1
五味 勝也,田中 裕之,1
五味 勝也,田中 準浩,1
中里 博志,木曾 邦明,1
中里 博志,市川 英治,1
中里 博志,布川 弥太郎,1
中里 博志,平田 勤,1
中里 博志,戸塚 昭,1
中里 博志,新村 洋一,1
中里 博志,曽根 秀隆,1
中里 博志,木村 與司雄,1
中里 博志,川合 菜穂美,1
中里 博志,本間 伸夫,1
中里 博志,本馬 健光,1
中里 博志,村 清司,1
中里 博志,松井 菊恵,1
中里 博志,松本 邦男,1
中里 博志,林田 晋策,1
中里 博志,川戸 章嗣,1
中里 博志,島津 武,1
中里 博志,柴田 正人,1
中里 博志,小野 美代子,1
中里 博志,富田 実,1
中里 博志,小林 信也,1
中里 博志,小林 有一,1
中里 博志,小泉 幸道,1
中里 博志,小西 康夫,1
中里 博志,小野 章夫,1
中里 博志,尾形 智夫,1
中里 博志,岩野 君夫,1
中里 博志,山下 伸雄,1
中里 博志,岡崎 直人,1
中里 博志,岡本 竹己,1
中里 博志,岡田 早苗,1
中里 博志,岩本 将稔,1
中里 博志,岩田 深也,1
中里 博志,柳田 藤治,1
中里 博志,栃倉 辰六郎,1
中里 博志,安部 康久,1
中里 博志,矢野 幸男,1
中里 博志,田中 裕之,1
中里 博志,田仁 祥信,1
中里 博志,田代 道夫,1
中里 博志,田原 孝嗣,1
中里 博志,田島 和成,1
中里 博志,白石 真奈美,1
中里 博志,石井 降幸,1
中里 博志,狩野 幸信,1
中里 博志,石原 和夫,1
中里 博志,神田 晃敬,1
中里 博志,秋山 裕一,1
中里 博志,竹村 成三,1
中里 博志,羽田 輝美,1
中里 博志,舘 博,1
中里 博志,田中 準浩,1
中里 博志,渡辺 正平,1
中里 博志,桑平 秀夫,1
中里 博志,永見 憲三,1
中里 博志,椎木 敏,1
中里 博志,榛葉 芳夫,1
中里 博志,横森 洋一,1
中里 博志,水品 圭司,1
中里 博志,水津 哲義,1
中里 博志,永井 英雄,1
中里 博志,泉 禄郎,1
中里 博志,渋谷 泰子,1
中里 博志,津田 孝範,1
中里 博志,浜地 正昭,1
中里 博志,浦野 直人,1
中里 博志,清水 健一,1
中里 博志,清水 文夫,1
中里 博志,清水 理通,1
中里 博志,家藤 幸治,1
中里 博志,太田 一良,1
中里 博志,若井 芳則,1
中谷 和夫,若井 芳則,1
中谷 和夫,神田 晃敬,1
中谷 和夫,秋山 裕一,1
中谷 和夫,竹村 成三,1
中谷 和夫,羽田 輝美,1
中谷 和夫,舘 博,1
中谷 和夫,舟橋 章,1
中谷 和夫,蓼沼 誠,1
中谷 和夫,石井 降幸,1
中谷 和夫,藪内 精三,1
中谷 和夫,西川 紀男,1
中谷 和夫,西方 君恵,1
中谷 和夫,西村 顕,1
中谷 和夫,赤尾 綾子,1
中谷 和夫,近藤 恭一,1
中谷 和夫,石原 和夫,1
中谷 和夫,矢野 幸男,1
中谷 和夫,野本 秀正,1
中谷 和夫,渡辺 正平,1
中谷 和夫,浜地 正昭,1
中谷 和夫,浦野 直人,1
中谷 和夫,清水 健一,1
中谷 和夫,清水 文夫,1
中谷 和夫,清水 理通,1
中谷 和夫,渋谷 泰子,1
中谷 和夫,狩野 幸信,1
中谷 和夫,白石 真奈美,1
中谷 和夫,田中 準浩,1
中谷 和夫,田中 裕之,1
中谷 和夫,田仁 祥信,1
中谷 和夫,田代 道夫,1
中谷 和夫,田原 孝嗣,1
中谷 和夫,田島 和成,1
中谷 和夫,野口 雅敏,1
中谷 和夫,金田 弘挙,1
中里 博志,大河内 基夫,1
中里 博志,友弘 幸男,1
中里 博志,佐藤 敦,1
中里 博志,佐藤 正之,1
中里 博志,内田 雅昭,1
中里 博志,前中 幹興,1
中里 博志,北野 一好,1
中里 博志,原 昌道,1
中里 博志,古井 和久,1
中里 博志,佐川 浩昭,1
中里 博志,吉沢 淑,1
中里 博志,吉澤 淑,1
中里 博志,吉田 和司,1
中里 博志,吹上 禎久,1
中里 博志,土屋 秀紀,1
中里 博志,大塚 謙一,1
中里 博志,佐藤 俊一,1
中里 博志,伊藤 清,1
中谷 和夫,鍵本 佳孝,1
中谷 和夫,高橋 利郎,1
中谷 和夫,鎌田 耕造,1
中谷 和夫,長尾 敬一,1
中谷 和夫,飯村 穰,1
中谷 和夫,飯野 修一,1
中谷 和夫,馬場 茂,1
中谷 和夫,高尾 享司,1
中谷 和夫,高橋 康次郎,1
中里 博志,伊藤 文雄,1
中谷 和夫,高橋 順子,1
中谷 和夫,鴇田 恵子,1
中里 博志,五味 勝也,1
中里 博志,井上 喬,1
中里 博志,今安 聰,1
中里 博志,今村 利久,1
中里 博志,舟橋 章,1
中里 博志,蓼沼 誠,1
五味 勝也,玉田 佳大,1
五味 勝也,岩本 将稔,1
五味 勝也,小野 美代子,1
五味 勝也,尾形 智夫,1
五味 勝也,山下 伸雄,1
五味 勝也,岡崎 直人,1
五味 勝也,岡本 竹己,1
五味 勝也,岡田 早苗,1
五味 勝也,岩田 深也,1
五味 勝也,小西 康夫,1
五味 勝也,岩野 君夫,1
五味 勝也,島津 武,1
五味 勝也,川合 菜穂美,1
五味 勝也,川戸 章嗣,1
五味 勝也,市川 英治,1
五味 勝也,布川 弥太郎,1
五味 勝也,小野 章夫,1
五味 勝也,小泉 幸道,1
五味 勝也,広畑 修二,1
五味 勝也,土屋 秀紀,1
五味 勝也,北野 一好,1
五味 勝也,友弘 幸男,1
五味 勝也,古井 和久,1
五味 勝也,吉澤 淑,1
五味 勝也,吉田 和司,1
五味 勝也,吹上 禎久,1
五味 勝也,大塚 謙一,1
五味 勝也,小林 有一,1
五味 勝也,大河内 基夫,1
五味 勝也,太田 一良,1
五味 勝也,安部 康久,1
五味 勝也,家藤 幸治,1
五味 勝也,富田 実,1
五味 勝也,小林 信也,1
五味 勝也,平田 勤,1
五味 勝也,戸塚 昭,1
五味 勝也,内田 雅昭,1
五味 勝也,浜地 正昭,1
五味 勝也,水品 圭司,1
五味 勝也,水津 哲義,1
五味 勝也,永井 英雄,1
五味 勝也,永見 憲三,1
五味 勝也,泉 禄郎,1
五味 勝也,津田 孝範,1
五味 勝也,浦野 直人,1
五味 勝也,榛葉 芳夫,1
五味 勝也,清水 健一,1
五味 勝也,清水 文夫,1
五味 勝也,清水 理通,1
五味 勝也,渋谷 泰子,1
五味 勝也,渡辺 正平,1
五味 勝也,狩野 幸信,1
五味 勝也,横森 洋一,1
五味 勝也,椎木 敏,1
五味 勝也,新村 洋一,1
五味 勝也,本馬 健光,1
五味 勝也,新間 秀一,1
五味 勝也,曽根 秀隆,1
五味 勝也,木曾 邦明,1
五味 勝也,木村 和弘,1
五味 勝也,木村 與司雄,1
五味 勝也,本間 伸夫,1
五味 勝也,村 清司,1
五味 勝也,桑平 秀夫,1
五味 勝也,松井 菊恵,1
五味 勝也,松本 邦男,1
五味 勝也,林田 晋策,1
五味 勝也,柳田 藤治,1
五味 勝也,柴田 正人,1
五味 勝也,栃倉 辰六郎,1
五味 勝也,前中 幹興,1
五味 勝也,佐藤 正之,1
中里 博志,藪内 精三,1
丸木 裕介,伊藤 正彦,1
中里 博志,鴇田 恵子,1
中里 厚実,北條 美佳,1
中里 厚実,竹田 正久,1
丸山 裕慎,小澤 敦揮,1
丸山 裕慎,山﨑 栄次,1
丸山 裕慎,赤尾 健,1
丸木 裕介,大澤 慶暢,1
中里 博志,高橋 康次郎,1
丸木 裕介,天野 義文,1
丸木 裕介,河村 正輝,1
丸木 裕介,渡辺 正平,1
丸木 裕介,菊池 良充,1
丸木 裕介,葛西 宏威,1
丸田 嘉幸,井上 剛,1
中里 博志,高橋 順子,1
中里 博志,高橋 利郎,1
久原 哲,安田 正昭,1
中里 博志,野本 秀正,1
中里 博志,西川 紀男,1
中里 博志,西方 君恵,1
中里 博志,西村 顕,1
中里 博志,赤尾 綾子,1
中里 博志,近藤 恭一,1
中里 博志,野口 雅敏,1
中里 博志,金田 弘挙,1
中里 博志,高尾 享司,1
中里 博志,鍵本 佳孝,1
中里 博志,鎌田 耕造,1
中里 博志,長尾 敬一,1
中里 博志,飯村 穰,1
中里 博志,飯野 修一,1
中里 博志,馬場 茂,1
丸田 嘉幸,新田 直人,1
久寿米木 一裕,小川 喜八郎,1
五味 勝也,佐藤 敦,1
二神 泰基,鈴木 徹,1
二神 泰基,早川 享志,1
二神 泰基,杉山 誠,1
二神 泰基,正木 和夫,1
二神 泰基,澤井 美伯,1
二神 泰基,玉置 尚徳,1
二神 泰基,稲垣 瑞穂,1
五味 勝也,井上 喬,1
二神 泰基,島田 昌也,1
五味 勝也,今安 聰,1
五味 勝也,今村 利久,1
五味 勝也,伊藤 文雄,1
五味 勝也,伊藤 清,1
五味 勝也,佐川 浩昭,1
五味 勝也,佐藤 俊一,1
二神 泰基,平井 菜未,1
二神 泰基,奥村 真衣,1
久寿米木 一裕,馬場 雅幸,1
久米 一規,赤尾 健,1
久米 一規,五島 徹也,1
久米 一規,平田 大,1
久米 一規,栗林 喬,1
久米 一規,水沼 正樹,1
久米 一規,渡邊 健一,1
久米 一規,田村 博康,1
乙黒 親男,奥田 徹,1
二神 泰基,向田 潤,1
乙黒 親男,松土 俊秀,1
乙黒 親男,横塚 弘毅,1
乙黒 親男,矢嶋 端夫,1
乙黒 親男,高柳 勉,1
二神 泰基,内田 みなみ,1
二神 泰基,吉村 明浩,1
今安 聰,高橋 利郎,1
今安 聰,高橋 康次郎,1
今安 聰,高橋 順子,1
佐川 浩昭,友弘 幸男,1
佐川 浩昭,佐藤 敦,1
佐川 浩昭,佐藤 正之,1
佐川 浩昭,内田 雅昭,1
佐川 浩昭,前中 幹興,1
佐川 浩昭,北野 一好,1
佐川 浩昭,原 昌道,1
佐川 浩昭,古井 和久,1
佐原 弘師,秦 洋二,1
佐川 浩昭,吉沢 淑,1
佐川 浩昭,吉澤 淑,1
佐川 浩昭,吉田 和司,1
佐川 浩昭,吹上 禎久,1
佐川 浩昭,土屋 秀紀,1
佐川 浩昭,大塚 謙一,1
佐川 浩昭,佐藤 俊一,1
佐原 弘師,松村 憲吾,1
佐川 浩昭,太田 一良,1
伊藤 良仁,米倉 裕一,1
伊藤 清,高橋 順子,1
伊藤 清,鴇田 恵子,1
伊藤 良仁,大澤 純也,1
伊藤 良仁,小浜 恵子,1
伊藤 良仁,山本 忠,1
伊藤 良仁,櫻井 廣,1
伊豆 英恵,山田 康枝,1
佐原 弘師,小髙 敦史,1
伊豆 英恵,後藤 邦康,1
伊豆 英恵,江口 将也,1
伊豆 英恵,須藤 茂俊,1
佐々木 清祐,曲渕 哲朗,1
佐々木 清祐,渡邊 妙子,1
佐々木 清祐,高田 明,1
佐川 浩昭,大河内 基夫,1
佐川 浩昭,安部 康久,1
伊藤 清,高橋 利郎,1
佐川 浩昭,木曾 邦明,1
佐川 浩昭,市川 英治,1
佐川 浩昭,布川 弥太郎,1
佐川 浩昭,平田 勤,1
佐川 浩昭,戸塚 昭,1
佐川 浩昭,新村 洋一,1
佐川 浩昭,曽根 秀隆,1
佐川 浩昭,木村 與司雄,1
佐川 浩昭,川合 菜穂美,1
佐川 浩昭,本間 伸夫,1
佐川 浩昭,本馬 健光,1
佐川 浩昭,村 清司,1
佐川 浩昭,松井 菊恵,1
佐川 浩昭,松本 邦男,1
佐川 浩昭,林田 晋策,1
佐川 浩昭,川戸 章嗣,1
佐川 浩昭,島津 武,1
佐川 浩昭,家藤 幸治,1
佐川 浩昭,小野 美代子,1
佐川 浩昭,富田 実,1
佐川 浩昭,小林 信也,1
佐川 浩昭,小林 有一,1
佐川 浩昭,小泉 幸道,1
佐川 浩昭,小西 康夫,1
佐川 浩昭,小野 章夫,1
佐川 浩昭,尾形 智夫,1
佐川 浩昭,岩野 君夫,1
佐川 浩昭,山下 伸雄,1
佐川 浩昭,岡崎 直人,1
佐川 浩昭,岡本 竹己,1
佐川 浩昭,岡田 早苗,1
佐川 浩昭,岩本 将稔,1
佐川 浩昭,岩田 深也,1
伊藤 清,高橋 康次郎,1
伊藤 清,高尾 享司,1
佐川 浩昭,柴田 正人,1
伊藤 清,永井 英雄,1
伊藤 清,桑平 秀夫,1
伊藤 清,椎木 敏,1
伊藤 清,榛葉 芳夫,1
伊藤 清,横森 洋一,1
伊藤 清,水品 圭司,1
伊藤 清,水津 哲義,1
伊藤 清,永見 憲三,1
伊藤 清,柴田 正人,1
伊藤 清,泉 禄郎,1
伊藤 清,津田 孝範,1
伊藤 清,浜地 正昭,1
伊藤 清,浦野 直人,1
伊藤 清,清水 健一,1
伊藤 清,清水 文夫,1
伊藤 清,栃倉 辰六郎,1
伊藤 清,柳田 藤治,1
伊藤 清,渋谷 泰子,1
伊藤 清,曽根 秀隆,1
伊藤 清,川戸 章嗣,1
伊藤 清,市川 英治,1
伊藤 清,布川 弥太郎,1
伊藤 清,平田 勤,1
伊藤 清,戸塚 昭,1
伊藤 清,新村 洋一,1
伊藤 清,木曾 邦明,1
伊藤 清,林田 晋策,1
伊藤 清,木村 與司雄,1
伊藤 清,本間 伸夫,1
伊藤 清,本馬 健光,1
伊藤 清,村 清司,1
伊藤 清,松井 菊恵,1
伊藤 清,松本 邦男,1
伊藤 清,清水 理通,1
伊藤 清,渡辺 正平,1
伊藤 清,馬場 茂,1
伊藤 清,近藤 恭一,1
伊藤 清,蓼沼 誠,1
伊藤 清,藪内 精三,1
伊藤 清,西川 紀男,1
伊藤 清,西方 君恵,1
伊藤 清,西村 顕,1
伊藤 清,赤尾 綾子,1
伊藤 清,野口 雅敏,1
伊藤 清,若井 芳則,1
伊藤 清,野本 秀正,1
伊藤 清,金田 弘挙,1
伊藤 清,鍵本 佳孝,1
伊藤 清,鎌田 耕造,1
伊藤 清,長尾 敬一,1
伊藤 清,飯野 修一,1
伊藤 清,蓮尾 徹夫,1
伊藤 清,舟橋 章,1
伊藤 清,狩野 幸信,1
伊藤 清,白石 真奈美,1
伊藤 清,田中 準浩,1
伊藤 清,田中 裕之,1
伊藤 清,田仁 祥信,1
伊藤 清,田代 道夫,1
伊藤 清,田原 孝嗣,1
伊藤 清,田島 和成,1
伊藤 清,矢野 幸男,1
伊藤 清,舘 博,1
伊藤 清,石井 降幸,1
伊藤 清,石原 和夫,1
伊藤 清,神田 晃敬,1
伊藤 清,秋山 裕一,1
伊藤 清,竹村 成三,1
伊藤 清,羽田 輝美,1
佐川 浩昭,柳田 藤治,1
佐川 浩昭,栃倉 辰六郎,1
伊藤 清,島津 武,1
佐藤 俊一,平田 勤,1
佐藤 俊一,岸 伸彦,1
佐藤 俊一,島津 武,1
佐藤 俊一,川合 菜穂美,1
佐藤 俊一,川戸 章嗣,1
佐藤 俊一,市川 英治,1
佐藤 俊一,布川 弥太郎,1
佐藤 俊一,後藤(山本) 奈美,1
佐藤 俊一,岩田 深也,1
佐藤 俊一,新村 洋一,1
佐藤 俊一,曽根 秀隆,1
佐藤 俊一,木曾 邦明,1
佐藤 俊一,木村 與司雄,1
佐藤 俊一,本間 伸夫,1
佐藤 俊一,本馬 健光,1
佐藤 俊一,岩野 君夫,1
佐藤 俊一,岩本 将稔,1
佐藤 俊一,松井 菊恵,1
佐藤 俊一,小野 章夫,1
佐藤 俊一,家藤 幸治,1
佐藤 俊一,富田 実,1
佐藤 俊一,小林 信也,1
佐藤 俊一,小林 有一,1
佐藤 俊一,小泉 幸道,1
佐藤 俊一,小西 康夫,1
佐藤 俊一,小野 美代子,1
佐藤 俊一,岩下 和裕,1
佐藤 俊一,尾形 智夫,1
佐藤 俊一,山下 伸雄,1
佐藤 俊一,山岡 洋,1
佐藤 俊一,岡崎 直人,1
佐藤 俊一,岡本 竹己,1
佐藤 俊一,岡田 早苗,1
佐藤 俊一,村 清司,1
佐藤 俊一,松本 邦男,1
佐藤 俊一,太田 一良,1
佐藤 俊一,田仁 祥信,1
佐藤 俊一,清水 理通,1
佐藤 俊一,渋谷 泰子,1
佐藤 俊一,渡辺 正平,1
佐藤 俊一,狩野 幸信,1
佐藤 俊一,田中 準浩,1
佐藤 俊一,田中 裕之,1
佐藤 俊一,田代 道夫,1
佐藤 俊一,清水 健一,1
佐藤 俊一,田原 孝嗣,1
佐藤 俊一,田島 和成,1
佐藤 俊一,白石 真奈美,1
佐藤 俊一,矢野 幸男,1
佐藤 俊一,石井 降幸,1
佐藤 俊一,石原 和夫,1
佐藤 俊一,清水 文夫,1
佐藤 俊一,浦野 直人,1
佐藤 俊一,林田 晋策,1
佐藤 俊一,榛葉 芳夫,1
佐藤 俊一,柳田 藤治,1
佐藤 俊一,柴田 正人,1
佐藤 俊一,栃倉 辰六郎,1
佐藤 俊一,桑平 秀夫,1
佐藤 俊一,梅田 紀彦,1
佐藤 俊一,椎木 敏,1
佐藤 俊一,横森 洋一,1
佐藤 俊一,浜地 正昭,1
佐藤 俊一,水品 圭司,1
佐藤 俊一,水津 哲義,1
佐藤 俊一,永井 英雄,1
佐藤 俊一,永見 憲三,1
佐藤 俊一,泉 禄郎,1
佐藤 俊一,津田 孝範,1
佐藤 俊一,安部 康久,1
佐藤 俊一,大河内 基夫,1
佐川 浩昭,桑平 秀夫,1
佐川 浩昭,矢野 幸男,1
佐川 浩昭,田中 裕之,1
佐川 浩昭,田仁 祥信,1
佐川 浩昭,田代 道夫,1
佐川 浩昭,田原 孝嗣,1
佐川 浩昭,田島 和成,1
佐川 浩昭,白石 真奈美,1
佐川 浩昭,石井 降幸,1
佐川 浩昭,狩野 幸信,1
佐川 浩昭,石原 和夫,1
佐川 浩昭,神田 晃敬,1
佐川 浩昭,秋山 裕一,1
佐川 浩昭,竹村 成三,1
佐川 浩昭,羽田 輝美,1
佐川 浩昭,舘 博,1
佐川 浩昭,田中 準浩,1
佐川 浩昭,渡辺 正平,1
佐川 浩昭,若井 芳則,1
佐川 浩昭,永見 憲三,1
佐川 浩昭,椎木 敏,1
佐川 浩昭,榛葉 芳夫,1
佐川 浩昭,横森 洋一,1
佐川 浩昭,水品 圭司,1
佐川 浩昭,水津 哲義,1
佐川 浩昭,永井 英雄,1
佐川 浩昭,泉 禄郎,1
佐川 浩昭,渋谷 泰子,1
佐川 浩昭,津田 孝範,1
佐川 浩昭,浜地 正昭,1
佐川 浩昭,浦野 直人,1
佐川 浩昭,清水 健一,1
佐川 浩昭,清水 文夫,1
佐川 浩昭,清水 理通,1
佐川 浩昭,舟橋 章,1
佐川 浩昭,蓼沼 誠,1
佐藤 俊一,大塚 謙一,1
佐藤 俊一,原 昌道,1
佐川 浩昭,鴇田 恵子,1
佐藤 俊一,佐藤 敦,1
佐藤 俊一,佐藤 正之,1
佐藤 俊一,内田 雅昭,1
佐藤 俊一,前中 幹興,1
佐藤 俊一,北野 一好,1
佐藤 俊一,友弘 幸男,1
佐川 浩昭,高橋 康次郎,1
佐藤 俊一,古井 和久,1
佐藤 俊一,吉沢 淑,1
佐藤 俊一,吉澤 淑,1
佐藤 俊一,吉田 和司,1
佐藤 俊一,吹上 禎久,1
佐藤 俊一,土屋 秀紀,1
佐川 浩昭,高橋 順子,1
佐川 浩昭,高橋 利郎,1
佐川 浩昭,藪内 精三,1
佐川 浩昭,野本 秀正,1
佐川 浩昭,西川 紀男,1
佐川 浩昭,西方 君恵,1
佐川 浩昭,西村 顕,1
佐川 浩昭,赤尾 綾子,1
佐川 浩昭,近藤 恭一,1
佐川 浩昭,野口 雅敏,1
佐川 浩昭,金田 弘挙,1
佐川 浩昭,高尾 享司,1
佐川 浩昭,鍵本 佳孝,1
佐川 浩昭,鎌田 耕造,1
佐川 浩昭,長尾 敬一,1
佐川 浩昭,飯村 穰,1
佐川 浩昭,飯野 修一,1
佐川 浩昭,馬場 茂,1
伊藤 清,川合 菜穂美,1
伊藤 清,岩野 君夫,1
今安 聰,鴇田 恵子,1
今村 利久,西村 顕,1
今村 利久,舟橋 章,1
今村 利久,若井 芳則,1
今村 利久,蓼沼 誠,1
今村 利久,藪内 精三,1
今村 利久,西川 紀男,1
今村 利久,西方 君恵,1
今村 利久,赤尾 綾子,1
今村 利久,羽田 輝美,1
今村 利久,近藤 恭一,1
今村 利久,野口 雅敏,1
今村 利久,野本 秀正,1
今村 利久,金田 弘挙,1
今村 利久,鍵本 佳孝,1
今村 利久,鎌田 耕造,1
今村 利久,舘 博,1
今村 利久,竹村 成三,1
今村 利久,飯村 穰,1
今村 利久,田代 道夫,1
今村 利久,渋谷 泰子,1
今村 利久,渡辺 正平,1
今村 利久,狩野 幸信,1
今村 利久,田中 準浩,1
今村 利久,田中 裕之,1
今村 利久,田仁 祥信,1
今村 利久,田原 孝嗣,1
今村 利久,秋山 裕一,1
今村 利久,田島 和成,1
今村 利久,白石 真奈美,1
今村 利久,矢野 幸男,1
今村 利久,石井 降幸,1
今村 利久,石原 和夫,1
今村 利久,神田 晃敬,1
今村 利久,長尾 敬一,1
今村 利久,飯野 修一,1
今村 利久,清水 文夫,1
伊藤 文雄,伊藤 清,1
伊藤 彰敏,志水 元亨,1
伊藤 彰敏,杉山 信之,1
伊藤 彰敏,榊原 康彰,1
伊藤 彰敏,船井 秀哉,1
伊藤 彰敏,赤尾 健,1
伊藤 彰敏,近藤 徹弥,1
伊藤 文雄,佐川 浩昭,1
伊藤 彰敏,家田 明音,1
伊藤 文雄,佐藤 俊一,1
伊藤 文雄,佐藤 敦,1
伊藤 文雄,佐藤 正之,1
伊藤 文雄,内田 雅昭,1
伊藤 文雄,前中 幹興,1
伊藤 文雄,北野 一好,1
伊藤 彰敏,山本 晃司,1
伊藤 彰敏,吉村 明浩,1
今村 利久,馬場 茂,1
仲村 佐知子,竹田 正久,1
今村 利久,高尾 享司,1
今村 利久,高橋 利郎,1
今村 利久,高橋 康次郎,1
今村 利久,高橋 順子,1
今村 利久,鴇田 恵子,1
仲村 佐知子,北條 美佳,1
伊藤 一成,相澤 ゆかり,1
伊藤 彰敏,原本 直幸,1
伊藤 一成,辻 麻衣子,1
伊藤 俊彦,佐藤 勉,1
伊藤 俊彦,幡宮 顕仁,1
伊藤 俊彦,志賀 拓也,1
伊藤 俊彦,渡辺 沙織,1
伊藤 彰敏,加藤 雅士,1
今村 利久,清水 理通,1
今村 利久,清水 健一,1
伊藤 文雄,友弘 幸男,1
今村 利久,小林 有一,1
今村 利久,大河内 基夫,1
今村 利久,太田 一良,1
今村 利久,安部 康久,1
今村 利久,家藤 幸治,1
今村 利久,富田 実,1
今村 利久,小林 信也,1
今村 利久,小泉 幸道,1
今村 利久,土屋 秀紀,1
今村 利久,小西 康夫,1
今村 利久,小野 章夫,1
今村 利久,小野 美代子,1
今村 利久,尾形 智夫,1
今村 利久,山下 伸雄,1
今村 利久,岡崎 直人,1
今村 利久,大塚 謙一,1
今村 利久,吹上 禎久,1
今村 利久,岡田 早苗,1
今村 利久,内田 雅昭,1
今村 利久,伊藤 文雄,1
今村 利久,伊藤 清,1
今村 利久,佐川 浩昭,1
今村 利久,佐藤 俊一,1
今村 利久,佐藤 敦,1
今村 利久,佐藤 正之,1
今村 利久,前中 幹興,1
今村 利久,吉田 和司,1
今村 利久,北野 一好,1
今村 利久,原 昌道,1
今村 利久,友弘 幸男,1
今村 利久,古井 和久,1
今村 利久,吉沢 淑,1
今村 利久,吉澤 淑,1
今村 利久,岡本 竹己,1
今村 利久,岩本 将稔,1
今村 利久,浦野 直人,1
今村 利久,横森 洋一,1
今村 利久,柳田 藤治,1
今村 利久,柴田 正人,1
今村 利久,栃倉 辰六郎,1
今村 利久,桑平 秀夫,1
今村 利久,椎木 敏,1
今村 利久,榛葉 芳夫,1
今村 利久,水品 圭司,1
今村 利久,松本 邦男,1
今村 利久,水津 哲義,1
今村 利久,永井 英雄,1
今村 利久,永見 憲三,1
今村 利久,泉 禄郎,1
今村 利久,津田 孝範,1
今村 利久,浜地 正昭,1
今村 利久,林田 晋策,1
今村 利久,松井 菊恵,1
今村 利久,岩田 深也,1
今村 利久,平田 勤,1
今村 利久,岩野 君夫,1
今村 利久,島津 武,1
今村 利久,川合 菜穂美,1
今村 利久,川戸 章嗣,1
今村 利久,市川 英治,1
今村 利久,布川 弥太郎,1
今村 利久,戸塚 昭,1
今村 利久,村 清司,1
今村 利久,新村 洋一,1
今村 利久,曽根 秀隆,1
今村 利久,木曾 邦明,1
今村 利久,木村 與司雄,1
今村 利久,本間 伸夫,1
今村 利久,本馬 健光,1
伊藤 文雄,原 昌道,1
伊藤 文雄,古井 和久,1
伊藤 清,岩田 深也,1
伊藤 文雄,高橋 利郎,1
伊藤 文雄,鎌田 耕造,1
伊藤 文雄,長尾 敬一,1
伊藤 文雄,飯村 穰,1
伊藤 文雄,飯野 修一,1
伊藤 文雄,馬場 茂,1
伊藤 文雄,高尾 享司,1
伊藤 文雄,高橋 康次郎,1
伊藤 文雄,金田 弘挙,1
伊藤 文雄,高橋 順子,1
伊藤 文雄,鴇田 恵子,1
伊藤 正彦,大澤 慶暢,1
伊藤 正彦,天野 義文,1
伊藤 正彦,河村 正輝,1
伊藤 正彦,渡辺 正平,1
伊藤 文雄,鍵本 佳孝,1
伊藤 文雄,野本 秀正,1
伊藤 正彦,葛西 宏威,1
伊藤 文雄,若井 芳則,1
伊藤 文雄,神田 晃敬,1
伊藤 文雄,秋山 裕一,1
伊藤 文雄,竹村 成三,1
伊藤 文雄,羽田 輝美,1
伊藤 文雄,舘 博,1
伊藤 文雄,舟橋 章,1
伊藤 文雄,蓼沼 誠,1
伊藤 文雄,野口 雅敏,1
伊藤 文雄,藪内 精三,1
伊藤 文雄,西川 紀男,1
伊藤 文雄,西方 君恵,1
伊藤 文雄,西村 顕,1
伊藤 文雄,赤尾 綾子,1
伊藤 文雄,近藤 恭一,1
伊藤 正彦,菊池 良充,1
伊藤 清,佐川 浩昭,1
伊藤 文雄,石井 降幸,1
伊藤 清,小野 章夫,1
伊藤 清,家藤 幸治,1
伊藤 清,富田 実,1
伊藤 清,小林 信也,1
伊藤 清,小林 有一,1
伊藤 清,小泉 幸道,1
伊藤 清,小西 康夫,1
伊藤 清,小野 美代子,1
伊藤 清,安部 康久,1
伊藤 清,尾形 智夫,1
伊藤 清,山下 伸雄,1
伊藤 清,岡崎 直人,1
伊藤 清,岡本 竹己,1
伊藤 清,岡田 早苗,1
伊藤 清,岩本 将稔,1
伊藤 清,宮野 信之,1
伊藤 清,太田 一良,1
伊藤 清,佐藤 俊一,1
伊藤 清,友弘 幸男,1
伊藤 清,佐藤 敦,1
伊藤 清,佐藤 正之,1
伊藤 清,内田 雅昭,1
伊藤 清,前中 幹興,1
伊藤 清,北野 一好,1
伊藤 清,原 昌道,1
伊藤 清,古井 和久,1
伊藤 清,大河内 基夫,1
伊藤 清,吉沢 淑,1
伊藤 清,吉澤 淑,1
伊藤 清,吉田 和司,1
伊藤 清,吹上 禎久,1
伊藤 清,土屋 秀紀,1
伊藤 清,大塚 謙一,1
伊藤 文雄,石原 和夫,1
伊藤 文雄,矢野 幸男,1
伊藤 文雄,吉沢 淑,1
伊藤 文雄,島津 武,1
伊藤 文雄,岡崎 直人,1
伊藤 文雄,岡本 竹己,1
伊藤 文雄,岡田 早苗,1
伊藤 文雄,岩本 将稔,1
伊藤 文雄,岩田 深也,1
伊藤 文雄,岩野 君夫,1
伊藤 文雄,川合 菜穂美,1
伊藤 文雄,尾形 智夫,1
伊藤 文雄,川戸 章嗣,1
伊藤 文雄,市川 英治,1
伊藤 文雄,布川 弥太郎,1
伊藤 文雄,平田 勤,1
伊藤 文雄,戸塚 昭,1
伊藤 文雄,新村 洋一,1
伊藤 文雄,山下 伸雄,1
伊藤 文雄,小野 美代子,1
伊藤 文雄,木曾 邦明,1
伊藤 文雄,太田 一良,1
伊藤 文雄,吉澤 淑,1
伊藤 文雄,吉田 和司,1
伊藤 文雄,吹上 禎久,1
伊藤 文雄,土屋 秀紀,1
伊藤 文雄,大塚 謙一,1
伊藤 文雄,大河内 基夫,1
伊藤 文雄,安部 康久,1
伊藤 文雄,小野 章夫,1
伊藤 文雄,家藤 幸治,1
伊藤 文雄,富田 実,1
伊藤 文雄,小林 信也,1
伊藤 文雄,小林 有一,1
伊藤 文雄,小泉 幸道,1
伊藤 文雄,小西 康夫,1
伊藤 文雄,曽根 秀隆,1
伊藤 文雄,木村 與司雄,1
伊藤 文雄,白石 真奈美,1
伊藤 文雄,渡辺 正平,1
伊藤 文雄,浜地 正昭,1
伊藤 文雄,浦野 直人,1
伊藤 文雄,清水 健一,1
伊藤 文雄,清水 文夫,1
伊藤 文雄,清水 理通,1
伊藤 文雄,渋谷 泰子,1
伊藤 文雄,狩野 幸信,1
伊藤 文雄,泉 禄郎,1
伊藤 文雄,田中 準浩,1
伊藤 文雄,田中 裕之,1
伊藤 文雄,田仁 祥信,1
伊藤 文雄,田代 道夫,1
伊藤 文雄,田原 孝嗣,1
伊藤 文雄,田島 和成,1
伊藤 文雄,津田 孝範,1
伊藤 文雄,永見 憲三,1
伊藤 文雄,本間 伸夫,1
伊藤 文雄,柴田 正人,1
伊藤 文雄,本馬 健光,1
伊藤 文雄,村 清司,1
伊藤 文雄,松井 菊恵,1
伊藤 文雄,松本 邦男,1
伊藤 文雄,林田 晋策,1
伊藤 文雄,柳田 藤治,1
伊藤 文雄,栃倉 辰六郎,1
伊藤 文雄,永井 英雄,1
伊藤 文雄,桑平 秀夫,1
伊藤 文雄,椎木 敏,1
伊藤 文雄,榛葉 芳夫,1
伊藤 文雄,横森 洋一,1
伊藤 文雄,水品 圭司,1
伊藤 文雄,水津 哲義,1
中谷 和夫,津田 孝範,1
中谷 和夫,永見 憲三,1
佐藤 俊一,福田 整,1
中谷 和夫,永井 英雄,1
三森 智子,柳田 藤治,1
三森 智子,柴田 正人,1
三森 智子,栃倉 辰六郎,1
三森 智子,桑平 秀夫,1
三森 智子,椎木 敏,1
三森 智子,榛葉 芳夫,1
三森 智子,横森 洋一,1
三森 智子,水品 圭司,1
三森 智子,水津 哲義,1
三森 智子,永井 英雄,1
三森 智子,永見 憲三,1
三森 智子,泉 禄郎,1
三森 智子,津田 孝範,1
三森 智子,浦野 直人,1
三森 智子,清水 健一,1
三森 智子,林田 晋策,1
三森 智子,松本 邦男,1
三森 智子,村 清司,1
三森 智子,市川 英治,1
三森 智子,岩本 将稔,1
三森 智子,岩田 深也,1
三森 智子,岩野 君夫,1
三森 智子,島津 武,1
三森 智子,川合 菜穂美,1
三森 智子,川戸 章嗣,1
三森 智子,布川 弥太郎,1
三森 智子,本間 伸夫,1
三森 智子,平田 勤,1
三森 智子,戸塚 昭,1
三森 智子,新村 洋一,1
三森 智子,曽根 秀隆,1
三森 智子,木曾 邦明,1
三森 智子,木村 與司雄,1
三森 智子,清水 文夫,1
三森 智子,清水 理通,1
三森 智子,渋谷 泰子,1
三森 智子,野口 雅敏,1
三森 智子,藪内 精三,1
三森 智子,西川 紀男,1
三森 智子,西方 君恵,1
三森 智子,西村 顕,1
三森 智子,赤尾 綾子,1
三森 智子,近藤 恭一,1
三森 智子,野本 秀正,1
三森 智子,若井 芳則,1
三森 智子,金田 弘挙,1
三森 智子,鍵本 佳孝,1
三森 智子,鎌田 耕造,1
三森 智子,長尾 敬一,1
三森 智子,飯村 穰,1
三森 智子,飯野 修一,1
三森 智子,蓼沼 誠,1
三森 智子,舟橋 章,1
三森 智子,渡辺 正平,1
三森 智子,田島 和成,1
三森 智子,狩野 幸信,1
三森 智子,田中 準浩,1
三森 智子,田中 裕之,1
三森 智子,田仁 祥信,1
三森 智子,田代 道夫,1
三森 智子,田原 孝嗣,1
三森 智子,白石 真奈美,1
三森 智子,舘 博,1
三森 智子,矢野 幸男,1
三森 智子,石井 降幸,1
三森 智子,石原 和夫,1
三森 智子,秋山 裕一,1
三森 智子,竹村 成三,1
三森 智子,羽田 輝美,1
三森 智子,岡田 早苗,1
三森 智子,岡本 竹己,1
三森 智子,岡崎 直人,1
三木 健夫,林 幹夫,1
三島 秀夫,高尾 享司,1
三島 秀夫,高橋 利郎,1
三島 秀夫,高橋 康次郎,1
三島 秀夫,高橋 順子,1
三島 秀夫,鴇田 恵子,1
三木 健夫,村松 昇,1
三木 健夫,林 幹雄,1
三島 秀夫,飯野 修一,1
三木 健夫,矢崎 七瀬,1
三木 健夫,石神 裕康,1
三森 智子,下飯 仁,1
三森 智子,中村 豊郎,1
三森 智子,中沢 英五郎,1
三森 智子,中西 弘一,1
三島 秀夫,馬場 茂,1
三島 秀夫,飯村 穰,1
三森 智子,中里 博志,1
三島 秀夫,西村 顕,1
三島 秀夫,舟橋 章,1
三島 秀夫,若井 芳則,1
三島 秀夫,蓼沼 誠,1
三島 秀夫,藪内 精三,1
三島 秀夫,西川 紀男,1
三島 秀夫,西方 君恵,1
三島 秀夫,赤尾 綾子,1
三島 秀夫,長尾 敬一,1
三島 秀夫,近藤 恭一,1
三島 秀夫,野口 雅敏,1
三島 秀夫,野本 秀正,1
三島 秀夫,金田 弘挙,1
三島 秀夫,鍵本 佳孝,1
三島 秀夫,鎌田 耕造,1
三森 智子,中谷 和夫,1
三森 智子,五味 勝也,1
三森 智子,山下 伸雄,1
三森 智子,富田 実,1
三森 智子,土屋 秀紀,1
三森 智子,大塚 謙一,1
三森 智子,大河内 基夫,1
三森 智子,太田 一良,1
三森 智子,安部 康久,1
三森 智子,家藤 幸治,1
三森 智子,小林 信也,1
三森 智子,吉田 和司,1
三森 智子,小林 有一,1
三森 智子,小泉 幸道,1
三森 智子,小西 康夫,1
三森 智子,小野 章夫,1
三森 智子,小野 美代子,1
三森 智子,尾形 智夫,1
三森 智子,吹上 禎久,1
三森 智子,吉澤 淑,1
三森 智子,井上 喬,1
三森 智子,佐藤 敦,1
三森 智子,今安 聰,1
三森 智子,今村 利久,1
三森 智子,伊藤 文雄,1
三森 智子,伊藤 清,1
三森 智子,佐川 浩昭,1
三森 智子,佐藤 俊一,1
三森 智子,佐藤 正之,1
三森 智子,吉沢 淑,1
三森 智子,内田 雅昭,1
三森 智子,前中 幹興,1
三森 智子,北野 一好,1
三森 智子,原 昌道,1
三森 智子,友弘 幸男,1
三森 智子,古井 和久,1
三森 智子,馬場 茂,1
三森 智子,高尾 享司,1
三森 智子,高橋 利郎,1
下飯 仁,新村 洋一,1
下飯 仁,川戸 章嗣,1
下飯 仁,市川 英治,1
下飯 仁,布川 弥太郎,1
下飯 仁,平田 勤,1
下飯 仁,平田 大,1
下飯 仁,戸塚 昭,1
下飯 仁,曽根 秀隆,1
下飯 仁,島津 武,1
下飯 仁,木曾 邦明,1
下飯 仁,木村 與司雄,1
下飯 仁,末次-佐々木 春菜,1
下飯 仁,本間 伸夫,1
下飯 仁,本馬 健光,1
下飯 仁,村 清司,1
下飯 仁,川合 菜穂美,1
下飯 仁,岩野 君夫,1
下飯 仁,松井 菊恵,1
下飯 仁,小西 康夫,1
下飯 仁,安部 康久,1
下飯 仁,家藤 幸治,1
下飯 仁,富田 実,1
下飯 仁,小林 信也,1
下飯 仁,小林 有一,1
下飯 仁,小泉 幸道,1
下飯 仁,小野 章夫,1
下飯 仁,岩田 深也,1
下飯 仁,小野 美代子,1
下飯 仁,尾形 智夫,1
下飯 仁,山下 伸雄,1
下飯 仁,岡本 竹己,1
下飯 仁,岡田 早苗,1
下飯 仁,岩本 将稔,1
下飯 仁,村上 智子,1
下飯 仁,松本 邦男,1
下飯 仁,大河内 基夫,1
下飯 仁,狩野 幸信,1
下飯 仁,清水 文夫,1
下飯 仁,清水 理通,1
下飯 仁,渋谷 泰子,1
下飯 仁,渡辺 守,1
下飯 仁,渡辺 正平,1
下飯 仁,渡邊 健一,1
下飯 仁,田中 準浩,1
下飯 仁,浦野 直人,1
下飯 仁,田中 裕之,1
下飯 仁,田仁 祥信,1
下飯 仁,田代 道夫,1
下飯 仁,田原 孝嗣,1
下飯 仁,田島 和成,1
下飯 仁,田村 博康,1
下飯 仁,清水 健一,1
下飯 仁,浜地 正昭,1
下飯 仁,林田 晋策,1
下飯 仁,榛葉 芳夫,1
下飯 仁,柳田 藤治,1
下飯 仁,柴田 正人,1
下飯 仁,栃倉 辰六郎,1
下飯 仁,栗林 喬,1
下飯 仁,桑平 秀夫,1
下飯 仁,椎木 敏,1
下飯 仁,横森 洋一,1
下飯 仁,津田 孝範,1
下飯 仁,水品 圭司,1
下飯 仁,水沼 正樹,1
下飯 仁,水津 哲義,1
下飯 仁,永井 英雄,1
下飯 仁,永見 憲三,1
下飯 仁,泉 禄郎,1
下飯 仁,太田 一良,1
下飯 仁,大塚 謙一,1
三森 智子,高橋 康次郎,1
上田 京子,大場 孝宏,1
上木 厚子,菅原 哲也,1
上東 治彦,上神 久典,1
上東 治彦,中尾 みか,1
上東 治彦,佐見 学,1
上東 治彦,加藤 麗奈,1
上東 治彦,杉山 洋,1
上田 京子,野見山 修治,1
上木 厚子,和田 弥寿子,1
上田 京子,鈴木 正柯,1
上田 京子,黒田 理恵子,1
上神 久典,中尾 みか,1
上神 久典,佐見 学,1
上神 久典,加藤 麗奈,1
上神 久典,杉山 洋,1
上木 厚子,工藤 晋平,1
上木 勝司,菅原 哲也,1
上野 俊人,有賀 雄二,1
三浦 慶吾,門倉 利守,1
三森 智子,高橋 順子,1
三森 智子,鴇田 恵子,1
三浦 慶吾,中里 厚実,1
三浦 慶吾,仲村 佐知子,1
三浦 慶吾,北條 美佳,1
三浦 慶吾,小倉 健太郎,1
三澤 茂計,上野 俊人,1
上木 勝司,工藤 晋平,1
三澤 茂計,後藤 奈美,1
三澤 茂計,有賀 雄二,1
三澤 茂計,松本 信彦,1
三澤 茂計,高田 清文,1
三澤 茂計,齋藤 浩,1
上木 勝司,和田 弥寿子,1
上野 俊人,後藤 奈美,1
上野 俊人,松本 信彦,1
下飯 仁,土屋 秀紀,1
下飯 仁,原 昌道,1
下飯 仁,優良きょうかい清酒酵母研究会,1
下飯 仁,内田 雅昭,1
下飯 仁,前中 幹興,1
下飯 仁,加藤 拓,1
下飯 仁,北垣 浩志,1
下飯 仁,北野 一好,1
下飯 仁,友弘 幸男,1
下飯 仁,佐藤 敦,1
下飯 仁,古井 和久,1
下飯 仁,吉沢 淑,1
下飯 仁,吉澤 淑,1
下飯 仁,吉田 和司,1
下飯 仁,吹上 禎久,1
下飯 仁,周 延,1
下飯 仁,佐藤 正之,1
下飯 仁,佐藤 俊一,1
上野 俊人,高田 清文,1
下飯 仁,中里 博志,1
上野 俊人,齋藤 浩,1
下飯 仁,中村 諒,1
下飯 仁,中村 豊郎,1
下飯 仁,中沢 英五郎,1
下飯 仁,中西 弘一,1
下飯 仁,中谷 和夫,1
下飯 仁,久米 一規,1
下飯 仁,佐川 浩昭,1
下飯 仁,五味 勝也,1
下飯 仁,井上 喬,1
下飯 仁,今安 聰,1
下飯 仁,今村 利久,1
下飯 仁,伊藤 文雄,1
下飯 仁,伊藤 清,1
三島 秀夫,舘 博,1
三島 秀夫,羽田 輝美,1
三島 秀夫,秋山 裕一,1
三上 重明,本間 伸夫,1
三上 重明,平田 勤,1
三上 重明,戸塚 昭,1
三上 重明,新村 洋一,1
三上 重明,曽根 秀隆,1
三上 重明,木曾 邦明,1
三上 重明,木村 與司雄,1
三上 重明,本馬 健光,1
三上 重明,市川 英治,1
三上 重明,村 清司,1
三上 重明,松井 菊恵,1
三上 重明,松本 邦男,1
三上 重明,林田 晋策,1
三上 重明,柳田 藤治,1
三上 重明,柴田 正人,1
三上 重明,布川 弥太郎,1
三上 重明,川戸 章嗣,1
三上 重明,桑平 秀夫,1
三上 重明,尾形 智夫,1
三上 重明,小林 信也,1
三上 重明,小林 有一,1
三上 重明,小泉 幸道,1
三上 重明,小西 康夫,1
三上 重明,小野 章夫,1
三上 重明,小野 美代子,1
三上 重明,山下 伸雄,1
三上 重明,川合 菜穂美,1
三上 重明,岡崎 直人,1
三上 重明,岡本 竹己,1
三上 重明,岡田 早苗,1
三上 重明,岩本 将稔,1
三上 重明,岩田 深也,1
三上 重明,島津 武,1
三上 重明,栃倉 辰六郎,1
三上 重明,榛葉 芳夫,1
三上 重明,家藤 幸治,1
三上 重明,神田 晃敬,1
三上 重明,田原 孝嗣,1
三上 重明,田島 和成,1
三上 重明,白石 真奈美,1
三上 重明,矢野 幸男,1
三上 重明,石井 降幸,1
三上 重明,石原 和夫,1
三上 重明,福田 清治,1
三上 重明,田仁 祥信,1
三上 重明,秋山 裕一,1
三上 重明,竹村 成三,1
三上 重明,羽田 輝美,1
三上 重明,舘 博,1
三上 重明,舟橋 章,1
三上 重明,若井 芳則,1
三上 重明,田代 道夫,1
三上 重明,田中 裕之,1
三上 重明,横森 洋一,1
三上 重明,浜地 正昭,1
三上 重明,水品 圭司,1
三上 重明,水津 哲義,1
三上 重明,永井 英雄,1
三上 重明,永見 憲三,1
三上 重明,泉 禄郎,1
三上 重明,津田 孝範,1
三上 重明,浦野 直人,1
三上 重明,田中 準浩,1
三上 重明,清水 健一,1
三上 重明,清水 文夫,1
三上 重明,清水 理通,1
三上 重明,渋谷 泰子,1
三上 重明,渡辺 正平,1
三上 重明,狩野 幸信,1
三上 重明,富田 実,1
三上 重明,安部 康久,1
三上 重明,藪内 精三,1
一瀬 英志,片渕 勇敬,1
一松 時生,満生 慎二,1
一松 時生,羽田野 雄大,1
一松 時生,鈴木 正何,1
一瀬 英志,小川 喜八郎,1
一瀬 英志,平原 敏幸,1
一瀬 英志,幸 賢二,1
一瀬 英志,藤井 昇,1
一松 時生,大場 孝宏,1
万膳 博幸,佐藤 和夫,1
万膳 博幸,岡崎 直人,1
万膳 博幸,木崎 康造,1
万膳 博幸,武藤 貴史,1
万膳 博幸,石川 雄章,1
万膳 博幸,稲橋 正明,1
一松 時生,末永 光,1
Yong K. PARK,西谷 尚道,1
三ツ井 敏明,佐藤 友紀,1
DANG Hong Anh,後藤(山本) 奈美,1
Adinda Putri Wisman,新間 秀一,1
Adinda Putri Wisman,玉田 佳大,1
Adinda Putri Wisman,福崎 英一郎,1
Aline LONVAUD-FUNEL,Annick JOYEUX,1
Aline LONVAUD-FUNEL,後藤(山本) 奈美,1
Annick JOYEUX,後藤(山本) 奈美,1
Helia H. SATO,Yong K. PARK,1
Yong K. PARK,森川 智,1
Helia H. SATO,小幡 孝之,1
Helia H. SATO,後藤 邦康,1
Helia H. SATO,森川 智,1
Helia H. SATO,西谷 尚道,1
Yong K. PARK,小幡 孝之,1
Yong K. PARK,後藤 邦康,1
万膳 博幸,赤尾 健,1
三ツ井 敏明,椎名 将平,1
三上 重明,太田 一良,1
三上 重明,古井 和久,1
三上 重明,佐藤 正之,1
三上 重明,内田 雅昭,1
三上 重明,前中 幹興,1
三上 重明,北野 一好,1
三上 重明,原 昌道,1
三上 重明,友弘 幸男,1
三上 重明,吉沢 淑,1
三上 重明,佐藤 俊一,1
三上 重明,吉澤 淑,1
三上 重明,吉田 和司,1
三上 重明,吹上 禎久,1
三上 重明,土屋 秀紀,1
三上 重明,大塚 謙一,1
三上 重明,大河内 基夫,1
三上 重明,佐藤 敦,1
三上 重明,佐川 浩昭,1
三ツ井 敏明,金古 堅太郎,1
三上 重明,中西 弘一,1
三ツ井 敏明,鈴木 浩武,1
三上 重明,三島 秀夫,1
三上 重明,三森 智子,1
三上 重明,下飯 仁,1
三上 重明,中村 豊郎,1
三上 重明,中沢 英五郎,1
三上 重明,中谷 和夫,1
三上 重明,伊藤 清,1
三上 重明,中里 博志,1
三上 重明,五味 勝也,1
三上 重明,井上 喬,1
三上 重明,今安 聰,1
三上 重明,今村 利久,1
三上 重明,伊藤 文雄,1
三上 重明,蓼沼 誠,1
三上 重明,西川 紀男,1
三島 秀夫,神田 晃敬,1
三島 秀夫,川戸 章嗣,1
三島 秀夫,岡田 早苗,1
三島 秀夫,岩本 将稔,1
三島 秀夫,岩田 深也,1
三島 秀夫,岩野 君夫,1
三島 秀夫,島津 武,1
三島 秀夫,川合 菜穂美,1
三島 秀夫,市川 英治,1
三島 秀夫,岡崎 直人,1
三島 秀夫,布川 弥太郎,1
三島 秀夫,平田 勤,1
三島 秀夫,戸塚 昭,1
三島 秀夫,新村 洋一,1
三島 秀夫,曽根 秀隆,1
三島 秀夫,木曾 邦明,1
三島 秀夫,岡本 竹己,1
三島 秀夫,山下 伸雄,1
三島 秀夫,本間 伸夫,1
三島 秀夫,家藤 幸治,1
三島 秀夫,吹上 禎久,1
三島 秀夫,土屋 秀紀,1
三島 秀夫,大塚 謙一,1
三島 秀夫,大河内 基夫,1
三島 秀夫,太田 一良,1
三島 秀夫,安部 康久,1
三島 秀夫,富田 実,1
三島 秀夫,尾形 智夫,1
三島 秀夫,小林 信也,1
三島 秀夫,小林 有一,1
三島 秀夫,小泉 幸道,1
三島 秀夫,小西 康夫,1
三島 秀夫,小野 章夫,1
三島 秀夫,小野 美代子,1
三島 秀夫,木村 與司雄,1
三島 秀夫,本馬 健光,1
三島 秀夫,吉澤 淑,1
三島 秀夫,田仁 祥信,1
三島 秀夫,清水 文夫,1
三島 秀夫,清水 理通,1
三島 秀夫,渋谷 泰子,1
三島 秀夫,渡辺 正平,1
三島 秀夫,狩野 幸信,1
三島 秀夫,田中 裕之,1
三島 秀夫,田代 道夫,1
三島 秀夫,浦野 直人,1
三島 秀夫,田原 孝嗣,1
三島 秀夫,田島 和成,1
三島 秀夫,白石 真奈美,1
三島 秀夫,矢野 幸男,1
三島 秀夫,石井 降幸,1
三島 秀夫,石原 和夫,1
三島 秀夫,清水 健一,1
三島 秀夫,浜地 正昭,1
三島 秀夫,村 清司,1
三島 秀夫,桑平 秀夫,1
三島 秀夫,松井 菊恵,1
三島 秀夫,松本 邦男,1
三島 秀夫,林田 晋策,1
三島 秀夫,柳田 藤治,1
三島 秀夫,柴田 正人,1
三島 秀夫,栃倉 辰六郎,1
三島 秀夫,椎木 敏,1
三島 秀夫,津田 孝範,1
三島 秀夫,榛葉 芳夫,1
三島 秀夫,横森 洋一,1
三島 秀夫,水品 圭司,1
三島 秀夫,水津 哲義,1
三島 秀夫,永見 憲三,1
三島 秀夫,泉 禄郎,1
三島 秀夫,吉田 和司,1
三島 秀夫,吉沢 淑,1
三上 重明,西方 君恵,1
三井 亮司,平井 菜未,1
三井 亮司,二神 泰基,1
三井 亮司,内田 みなみ,1
三井 亮司,吉村 明浩,1
三井 亮司,向田 潤,1
三井 亮司,奥村 真衣,1
三井 亮司,島田 昌也,1
三井 亮司,早川 享志,1
三上 重明,鴇田 恵子,1
三井 亮司,杉山 誠,1
三井 亮司,正木 和夫,1
三井 亮司,澤井 美伯,1
三井 亮司,玉置 尚徳,1
三井 亮司,稲垣 瑞穂,1
三井 亮司,鈴木 徹,1
三井 亮司,中川 智行,1
三上 重明,高橋 順子,1
三井 俊,加藤 雅士,1
三上 重明,鍵本 佳孝,1
三上 重明,西村 顕,1
三上 重明,赤尾 綾子,1
三上 重明,近藤 恭一,1
三上 重明,野口 雅敏,1
三上 重明,野本 秀正,1
三上 重明,金田 弘挙,1
三上 重明,鎌田 耕造,1
三上 重明,高橋 康次郎,1
三上 重明,長尾 敬一,1
三上 重明,飯村 穰,1
三上 重明,飯野 修一,1
三上 重明,馬場 茂,1
三上 重明,高尾 享司,1
三上 重明,高橋 利郎,1
三井 俊,伊藤 彰敏,1
三井 俊,原本 直幸,1
三島 秀夫,古井 和久,1
三島 秀夫,佐藤 俊一,1
三島 秀夫,井上 喬,1
三島 秀夫,今安 聰,1
三島 秀夫,今村 利久,1
三島 秀夫,伊藤 文雄,1
三島 秀夫,伊藤 清,1
三島 秀夫,佐川 浩昭,1
三島 秀夫,佐藤 敦,1
三島 秀夫,中里 博志,1
三島 秀夫,佐藤 正之,1
三島 秀夫,内田 雅昭,1
三島 秀夫,前中 幹興,1
三島 秀夫,北野 一好,1
三島 秀夫,原 昌道,1
三島 秀夫,友弘 幸男,1
三島 秀夫,五味 勝也,1
三島 秀夫,中谷 和夫,1
三井 俊,吉村 明浩,1
三井 俊,赤尾 健,1
三井 俊,家田 明音,1
三井 俊,山本 晃司,1
三井 俊,志水 元亨,1
三井 俊,杉山 信之,1
三井 俊,榊原 康彰,1
三井 俊,船井 秀哉,1
三井 俊,近藤 徹弥,1
三島 秀夫,中西 弘一,1
三宅 剛史,伊藤 一成,1
三宅 剛史,相澤 ゆかり,1
三宅 剛史,辻 麻衣子,1
三島 秀夫,三森 智子,1
三島 秀夫,下飯 仁,1
三島 秀夫,中村 豊郎,1
下飯 仁,白石 真奈美,1
下飯 仁,矢野 幸男,1
下飯 仁,石井 降幸,1
中田 健美,高橋 仁,1
中田 久保,角本 琢磨,1
中田 健美,岩野 君夫,1
中田 健美,斎藤 久一,1
中田 健美,渡邉 誠衛,1
中田 健美,田口 隆信,1
中田 健美,石川 雄章,1
中西 弘一,中谷 和夫,1
中田 久保,松永 晶子,1
中西 弘一,中里 博志,1
中西 弘一,五味 勝也,1
中西 弘一,井上 喬,1
中西 弘一,今安 聰,1
中西 弘一,今村 利久,1
中西 弘一,伊藤 文雄,1
中田 久保,武田 洸平,1
中田 久保,数岡 孝幸,1
中西 弘一,佐川 浩昭,1
中沢 英五郎,飯野 修一,1
中沢 英五郎,野本 秀正,1
中沢 英五郎,金田 弘挙,1
中沢 英五郎,鍵本 佳孝,1
中沢 英五郎,鎌田 耕造,1
中沢 英五郎,長尾 敬一,1
中沢 英五郎,飯村 穰,1
中沢 英五郎,馬場 茂,1
中田 久保,大竹 聡,1
中沢 英五郎,高尾 享司,1
中沢 英五郎,高橋 利郎,1
中沢 英五郎,高橋 康次郎,1
中沢 英五郎,高橋 順子,1
中沢 英五郎,鴇田 恵子,1
中田 久保,坂井 劭,1
中西 弘一,伊藤 清,1
中西 弘一,佐藤 俊一,1
中沢 英五郎,近藤 恭一,1
中西 弘一,尾形 智夫,1
中西 弘一,小林 信也,1
中西 弘一,小林 有一,1
中西 弘一,小泉 幸道,1
中西 弘一,小西 康夫,1
中西 弘一,小野 章夫,1
中西 弘一,小野 美代子,1
中西 弘一,山下 伸雄,1
中西 弘一,家藤 幸治,1
中西 弘一,岡崎 直人,1
中西 弘一,岡本 竹己,1
中西 弘一,岡田 早苗,1
中西 弘一,岩本 将稔,1
中西 弘一,岩田 深也,1
中西 弘一,岩野 君夫,1
中西 弘一,富田 実,1
中西 弘一,安部 康久,1
中西 弘一,佐藤 敦,1
中西 弘一,古井 和久,1
中西 弘一,佐藤 正之,1
中西 弘一,内田 雅昭,1
中西 弘一,前中 幹興,1
中西 弘一,北野 一好,1
中西 弘一,原 昌道,1
中西 弘一,友弘 幸男,1
中西 弘一,吉沢 淑,1
中西 弘一,太田 一良,1
中西 弘一,吉澤 淑,1
中西 弘一,吉田 和司,1
中西 弘一,吹上 禎久,1
中西 弘一,土屋 秀紀,1
中西 弘一,大塚 謙一,1
中西 弘一,大河内 基夫,1
中沢 英五郎,野口 雅敏,1
中沢 英五郎,赤尾 綾子,1
中西 弘一,川合 菜穂美,1
中沢 英五郎,本馬 健光,1
中沢 英五郎,戸塚 昭,1
中沢 英五郎,新村 洋一,1
中沢 英五郎,曽根 秀隆,1
中沢 英五郎,木曾 邦明,1
中沢 英五郎,木村 與司雄,1
中沢 英五郎,本間 伸夫,1
中沢 英五郎,村 清司,1
中沢 英五郎,布川 弥太郎,1
中沢 英五郎,松井 菊恵,1
中沢 英五郎,松本 邦男,1
中沢 英五郎,林田 晋策,1
中沢 英五郎,柳田 藤治,1
中沢 英五郎,柴田 正人,1
中沢 英五郎,栃倉 辰六郎,1
中沢 英五郎,平田 勤,1
中沢 英五郎,市川 英治,1
中沢 英五郎,椎木 敏,1
中沢 英五郎,岡崎 直人,1
中沢 英五郎,小泉 幸道,1
中沢 英五郎,小西 康夫,1
中沢 英五郎,小野 章夫,1
中沢 英五郎,小野 美代子,1
中沢 英五郎,尾形 智夫,1
中沢 英五郎,山下 伸雄,1
中沢 英五郎,岡本 竹己,1
中沢 英五郎,川戸 章嗣,1
中沢 英五郎,岡田 早苗,1
中沢 英五郎,岩本 将稔,1
中沢 英五郎,岩田 深也,1
中沢 英五郎,岩野 君夫,1
中沢 英五郎,島津 武,1
中沢 英五郎,川合 菜穂美,1
中沢 英五郎,桑平 秀夫,1
中沢 英五郎,榛葉 芳夫,1
中沢 英五郎,西村 顕,1
中沢 英五郎,羽田 輝美,1
中沢 英五郎,白石 真奈美,1
中沢 英五郎,矢野 幸男,1
中沢 英五郎,石井 降幸,1
中沢 英五郎,石原 和夫,1
中沢 英五郎,神田 晃敬,1
中沢 英五郎,秋山 裕一,1
中沢 英五郎,舘 博,1
中沢 英五郎,田原 孝嗣,1
中沢 英五郎,舟橋 章,1
中沢 英五郎,若井 芳則,1
中沢 英五郎,蓼沼 誠,1
中沢 英五郎,藪内 精三,1
中沢 英五郎,西川 紀男,1
中沢 英五郎,西方 君恵,1
中沢 英五郎,田島 和成,1
中沢 英五郎,田代 道夫,1
中沢 英五郎,横森 洋一,1
中沢 英五郎,浦野 直人,1
中沢 英五郎,水品 圭司,1
中沢 英五郎,水津 哲義,1
中沢 英五郎,永見 憲三,1
中沢 英五郎,泉 禄郎,1
中沢 英五郎,津田 孝範,1
中沢 英五郎,浜地 正昭,1
中沢 英五郎,清水 健一,1
中沢 英五郎,田仁 祥信,1
中沢 英五郎,清水 文夫,1
中沢 英五郎,清水 理通,1
中沢 英五郎,渋谷 泰子,1
中沢 英五郎,渡辺 正平,1
中沢 英五郎,狩野 幸信,1
中沢 英五郎,田中 裕之,1
中西 弘一,島津 武,1
中西 弘一,川戸 章嗣,1
中沢 英五郎,小林 信也,1
中谷 和夫,太田 一良,1
中谷 和夫,吉澤 淑,1
中谷 和夫,吉田 和司,1
中谷 和夫,吹上 禎久,1
中谷 和夫,土屋 秀紀,1
中谷 和夫,大塚 謙一,1
中谷 和夫,大河内 基夫,1
中谷 和夫,安部 康久,1
中谷 和夫,古井 和久,1
中谷 和夫,家藤 幸治,1
中谷 和夫,富田 実,1
中谷 和夫,小林 信也,1
中谷 和夫,小林 有一,1
中谷 和夫,小泉 幸道,1
中谷 和夫,小西 康夫,1
中谷 和夫,吉沢 淑,1
中谷 和夫,友弘 幸男,1
中谷 和夫,小野 美代子,1
中谷 和夫,伊藤 清,1
中谷 和夫,中里 博志,1
中谷 和夫,五味 勝也,1
中谷 和夫,井上 喬,1
中谷 和夫,今安 聰,1
中谷 和夫,今村 利久,1
中谷 和夫,伊藤 文雄,1
中谷 和夫,佐川 浩昭,1
中谷 和夫,原 昌道,1
中谷 和夫,佐藤 俊一,1
中谷 和夫,佐藤 敦,1
中谷 和夫,佐藤 正之,1
中谷 和夫,内田 雅昭,1
中谷 和夫,前中 幹興,1
中谷 和夫,北野 一好,1
中谷 和夫,小野 章夫,1
中谷 和夫,尾形 智夫,1
中西 弘一,高橋 順子,1
中谷 和夫,柴田 正人,1
中谷 和夫,本馬 健光,1
中谷 和夫,村 清司,1
中谷 和夫,松井 菊恵,1
中谷 和夫,松本 邦男,1
中谷 和夫,林田 晋策,1
中谷 和夫,柳田 藤治,1
中谷 和夫,栃倉 辰六郎,1
中谷 和夫,木村 與司雄,1
中谷 和夫,桑平 秀夫,1
中谷 和夫,椎木 敏,1
中谷 和夫,榛葉 芳夫,1
中谷 和夫,横森 洋一,1
中谷 和夫,水品 圭司,1
中谷 和夫,水津 哲義,1
中谷 和夫,本間 伸夫,1
中谷 和夫,木曾 邦明,1
中谷 和夫,山下 伸雄,1
中谷 和夫,島津 武,1
中谷 和夫,岡崎 直人,1
中谷 和夫,岡本 竹己,1
中谷 和夫,岡田 早苗,1
中谷 和夫,岩本 将稔,1
中谷 和夫,岩田 深也,1
中谷 和夫,岩野 君夫,1
中谷 和夫,川合 菜穂美,1
中谷 和夫,曽根 秀隆,1
中谷 和夫,川戸 章嗣,1
中谷 和夫,市川 英治,1
中谷 和夫,布川 弥太郎,1
中谷 和夫,平田 勤,1
中谷 和夫,戸塚 昭,1
中谷 和夫,新村 洋一,1
中西 弘一,鴇田 恵子,1
中西 弘一,高橋 康次郎,1
中西 弘一,市川 英治,1
中西 弘一,泉 禄郎,1
中西 弘一,榛葉 芳夫,1
中西 弘一,横森 洋一,1
中西 弘一,水品 圭司,1
中西 弘一,水津 哲義,1
中西 弘一,永井 英雄,1
中西 弘一,永見 憲三,1
中西 弘一,津田 孝範,1
中西 弘一,桑平 秀夫,1
中西 弘一,浜地 正昭,1
中西 弘一,浦野 直人,1
中西 弘一,清水 健一,1
中西 弘一,清水 文夫,1
中西 弘一,清水 理通,1
中西 弘一,渋谷 泰子,1
中西 弘一,椎木 敏,1
中西 弘一,栃倉 辰六郎,1
中西 弘一,狩野 幸信,1
中西 弘一,木村 與司雄,1
中西 弘一,布川 弥太郎,1
中西 弘一,平田 勤,1
中西 弘一,戸塚 昭,1
中西 弘一,新村 洋一,1
中西 弘一,曽根 秀隆,1
中西 弘一,木曾 邦明,1
中西 弘一,本間 伸夫,1
中西 弘一,柴田 正人,1
中西 弘一,本馬 健光,1
中西 弘一,村 清司,1
中西 弘一,松井 菊恵,1
中西 弘一,松本 邦男,1
中西 弘一,林田 晋策,1
中西 弘一,柳田 藤治,1
中西 弘一,渡辺 正平,1
中西 弘一,田中 準浩,1
中西 弘一,高橋 利郎,1
中西 弘一,金田 弘挙,1
中西 弘一,西方 君恵,1
中西 弘一,西村 顕,1
中西 弘一,赤尾 綾子,1
中西 弘一,近藤 恭一,1
中西 弘一,野口 雅敏,1
中西 弘一,野本 秀正,1
中西 弘一,鍵本 佳孝,1
中西 弘一,藪内 精三,1
中西 弘一,鎌田 耕造,1
中西 弘一,長尾 敬一,1
中西 弘一,飯村 穰,1
中西 弘一,飯野 修一,1
中西 弘一,馬場 茂,1
中西 弘一,高尾 享司,1
中西 弘一,西川 紀男,1
中西 弘一,蓼沼 誠,1
中西 弘一,田中 裕之,1
中西 弘一,石井 降幸,1
中西 弘一,田仁 祥信,1
中西 弘一,田代 道夫,1
中西 弘一,田原 孝嗣,1
中西 弘一,田島 和成,1
中西 弘一,白石 真奈美,1
中西 弘一,矢野 幸男,1
中西 弘一,石原 和夫,1
中西 弘一,若井 芳則,1
中西 弘一,神田 晃敬,1
中西 弘一,秋山 裕一,1
中西 弘一,竹村 成三,1
中西 弘一,羽田 輝美,1
中西 弘一,舘 博,1
中西 弘一,舟橋 章,1
中沢 英五郎,小林 有一,1
中沢 英五郎,富田 実,1
下飯 仁,石原 和夫,1
中村 和夫,天野 義文,1
中川 智行,玉置 尚徳,1
中川 智行,稲垣 瑞穂,1
中川 智行,鈴木 徹,1
中村 和夫,丸木 裕介,1
中村 和夫,伊藤 正彦,1
中村 和夫,大澤 慶暢,1
中村 和夫,河村 正輝,1
中川 智行,正木 和夫,1
中村 和夫,渡辺 正平,1
中村 和夫,菊池 良充,1
中村 和夫,葛西 宏威,1
中村 幸宏,小髙 敦史,1
中村 幸宏,松村 憲吾,1
中村 幸宏,森本（榊原） 舞子,1
中川 智行,澤井 美伯,1
中川 智行,杉山 誠,1
中村 幸宏,秦 洋二,1
中川 優,西村 賢了,1
中島 有紀,池上 勝,1
中島 有紀,近藤 恭一,1
中島 有紀,長谷 篤,1
中川 優,園田 頼和,1
中川 優,土谷 紀美,1
中川 優,木田 建次,1
中川 智行,二神 泰基,1
中川 智行,早川 享志,1
中川 智行,内田 みなみ,1
中川 智行,吉村 明浩,1
中川 智行,向田 潤,1
中川 智行,奥村 真衣,1
中川 智行,島田 昌也,1
中川 智行,平井 菜未,1
中村 幸宏,渡邊 賢明,1
中村 幸宏,葛西 寛一,1
中島 有紀,山本 俊哉,1
中村 豊郎,井上 喬,1
中村 諒,赤尾 健,1
中村 豊郎,中沢 英五郎,1
中村 豊郎,中西 弘一,1
中村 豊郎,中谷 和夫,1
中村 豊郎,中里 博志,1
中村 豊郎,五味 勝也,1
中村 豊郎,今安 聰,1
中村 諒,渡邊 健一,1
中村 豊郎,今村 利久,1
中村 豊郎,伊藤 文雄,1
中村 豊郎,伊藤 清,1
中村 豊郎,佐川 浩昭,1
中村 豊郎,佐藤 俊一,1
中村 豊郎,佐藤 敦,1
中村 諒,田村 博康,1
中村 諒,水沼 正樹,1
中村 憲三,石神 靖裕,1
中村 欽一,原 昌道,1
中村 拓郎,中沢 伸重,1
中村 拓郎,伊藤 俊彦,1
中村 拓郎,岩野 君夫,1
中村 拓郎,幡宮 顕仁,1
中村 拓郎,渡辺 誠衛,1
中村 欽一,五味 勝也,1
中村 欽一,吉沢 淑,1
中村 諒,栗林 喬,1
中村 欽一,野白 喜久雄,1
中村 欽一,飯村 穣,1
中村 澄子,大坪 研一,1
中村 諒,久米 一規,1
中村 諒,五島 徹也,1
中村 諒,平田 大,1
中島 有紀,永井 英雄,1
中島 有紀,山下 伸雄,1
中村 豊郎,内田 雅昭,1
下飯 仁,高尾 享司,1
下飯 仁,鍵本 佳孝,1
下飯 仁,鎌田 耕造,1
下飯 仁,長尾 敬一,1
下飯 仁,飯村 穰,1
下飯 仁,飯野 修一,1
下飯 仁,馬場 茂,1
下飯 仁,高橋 利郎,1
下飯 仁,野本 秀正,1
下飯 仁,高橋 康次郎,1
下飯 仁,高橋 順子,1
下飯 仁,髙木 昌美,1
下飯 仁,鴇田 恵子,1
世古 晴美,中島 有紀,1
世古 晴美,大江田 憲治,1
下飯 仁,金田 弘挙,1
下飯 仁,野口 雅敏,1
世古 晴美,山本 俊哉,1
下飯 仁,舟橋 章,1
下飯 仁,神田 晃敬,1
下飯 仁,福田 央,1
下飯 仁,秋山 裕一,1
下飯 仁,竹村 成三,1
下飯 仁,羽田 輝美,1
下飯 仁,舘 博,1
下飯 仁,若井 芳則,1
下飯 仁,近藤 恭一,1
下飯 仁,蓼沼 誠,1
下飯 仁,藪内 精三,1
下飯 仁,西川 紀男,1
下飯 仁,西方 君恵,1
下飯 仁,西村 顕,1
下飯 仁,赤尾 綾子,1
世古 晴美,山下 伸雄,1
世古 晴美,永井 英雄,1
中島 有紀,大江田 憲治,1
中山 繁喜,米倉 裕一,1
中山 俊一,小田 淳史,1
中山 俊一,山崎 努,1
中山 俊一,末永 光,1
中山 繁喜,佐藤 稔英,1
中山 繁喜,山口 佑子,1
中山 繁喜,平野 高広,1
中山 繁喜,遠山 良,1
中山 俊一,古屋 和樹,1
中島 康夫,古屋 和樹,1
中島 康夫,大場 孝宏,1
中島 康夫,小田 淳史,1
中島 康夫,山崎 努,1
中島 康夫,末永 光,1
中島 康夫,満生 慎二,1
中山 俊一,大西 隆晴,1
中山 俊一,冨金原 渉,1
世古 晴美,池上 勝,1
中原 民也,久寿米木 一裕,1
世古 晴美,近藤 恭一,1
世古 晴美,長谷 篤,1
中原 克巳,吉田 清,1
中原 克巳,吉留 朋尚,1
中原 克巳,牧 則光,1
中原 克巳,米玉利 隆,1
中原 民也,小川 喜八郎,1
中山 俊一,佐藤 博,1
中原 民也,馬場 雅幸,1
中尾 みか,佐見 学,1
中尾 みか,加藤 麗奈,1
中尾 みか,杉山 洋,1
中尾 嘉宏,久保田 寛,1
中山 俊一,中島 康夫,1
中村 豊郎,佐藤 正之,1
中村 豊郎,前中 幹興,1
中沢 英五郎,家藤 幸治,1
中村 豊郎,飯村 穰,1
中村 豊郎,野口 雅敏,1
中村 豊郎,野本 秀正,1
中村 豊郎,金田 弘挙,1
中村 豊郎,鍵本 佳孝,1
中村 豊郎,鎌田 耕造,1
中村 豊郎,長尾 敬一,1
中村 豊郎,飯野 修一,1
中村 豊郎,赤尾 綾子,1
中村 豊郎,馬場 茂,1
中村 豊郎,高尾 享司,1
中村 豊郎,高橋 利郎,1
中村 豊郎,高橋 康次郎,1
中村 豊郎,高橋 順子,1
中村 豊郎,鴇田 恵子,1
中村 豊郎,近藤 恭一,1
中村 豊郎,西村 顕,1
中林 徹,栗田 修,1
中村 豊郎,竹村 成三,1
中村 豊郎,白石 真奈美,1
中村 豊郎,矢野 幸男,1
中村 豊郎,石井 降幸,1
中村 豊郎,石原 和夫,1
中村 豊郎,神田 晃敬,1
中村 豊郎,秋山 裕一,1
中村 豊郎,羽田 輝美,1
中村 豊郎,西方 君恵,1
中村 豊郎,舘 博,1
中村 豊郎,舟橋 章,1
中村 豊郎,若井 芳則,1
中村 豊郎,蓼沼 誠,1
中村 豊郎,藪内 精三,1
中村 豊郎,西川 紀男,1
中林 徹,坪内 一夫,1
中沢 伸重,佐藤 勉,1
中村 豊郎,田原 孝嗣,1
中沢 英五郎,吉澤 淑,1
中沢 英五郎,前中 幹興,1
中沢 英五郎,北野 一好,1
中沢 英五郎,原 昌道,1
中沢 英五郎,友弘 幸男,1
中沢 英五郎,古井 和久,1
中沢 英五郎,吉沢 淑,1
中沢 英五郎,吉田 和司,1
中沢 英五郎,佐藤 正之,1
中沢 英五郎,吹上 禎久,1
中沢 英五郎,土屋 秀紀,1
中沢 英五郎,大塚 謙一,1
中沢 英五郎,大河内 基夫,1
中沢 英五郎,太田 一良,1
中沢 英五郎,安部 康久,1
中沢 英五郎,内田 雅昭,1
中沢 英五郎,佐藤 敦,1
中沢 伸重,原島 俊,1
中沢 英五郎,中里 博志,1
中沢 伸重,大嶋 泰治,1
中沢 伸重,幡宮 顕仁,1
中沢 伸重,志賀 拓也,1
中沢 伸重,渡辺 沙織,1
中沢 英五郎,中西 弘一,1
中沢 英五郎,中谷 和夫,1
中沢 英五郎,五味 勝也,1
中沢 英五郎,佐藤 俊一,1
中沢 英五郎,井上 喬,1
中沢 英五郎,今安 聰,1
中沢 英五郎,今村 利久,1
中沢 英五郎,伊藤 文雄,1
中沢 英五郎,伊藤 清,1
中沢 英五郎,佐川 浩昭,1
中村 豊郎,田島 和成,1
中村 豊郎,田代 道夫,1
中村 豊郎,北野 一好,1
中村 豊郎,岡田 早苗,1
中村 豊郎,小野 章夫,1
中村 豊郎,小野 美代子,1
中村 豊郎,尾形 智夫,1
中村 豊郎,山下 伸雄,1
中村 豊郎,岡崎 直人,1
中村 豊郎,岡本 竹己,1
中村 豊郎,岩本 将稔,1
中村 豊郎,小泉 幸道,1
中村 豊郎,岩田 深也,1
中村 豊郎,岩野 君夫,1
中村 豊郎,島津 武,1
中村 豊郎,川合 菜穂美,1
中村 豊郎,川戸 章嗣,1
中村 豊郎,市川 英治,1
中村 豊郎,小西 康夫,1
中村 豊郎,小林 有一,1
中村 豊郎,平田 勤,1
中村 豊郎,吹上 禎久,1
中村 豊郎,原 昌道,1
中村 豊郎,友弘 幸男,1
中村 豊郎,古井 和久,1
中村 豊郎,吉沢 淑,1
中村 豊郎,吉澤 淑,1
中村 豊郎,吉田 和司,1
中村 豊郎,土屋 秀紀,1
中村 豊郎,小林 信也,1
中村 豊郎,大塚 謙一,1
中村 豊郎,大河内 基夫,1
中村 豊郎,太田 一良,1
中村 豊郎,安部 康久,1
中村 豊郎,家藤 幸治,1
中村 豊郎,富田 実,1
中村 豊郎,布川 弥太郎,1
中村 豊郎,戸塚 昭,1
中村 豊郎,田仁 祥信,1
中村 豊郎,清水 健一,1
中村 豊郎,永井 英雄,1
中村 豊郎,永見 憲三,1
中村 豊郎,泉 禄郎,1
中村 豊郎,津田 孝範,1
中村 豊郎,浜地 正昭,1
中村 豊郎,浦野 直人,1
中村 豊郎,清水 文夫,1
中村 豊郎,水品 圭司,1
中村 豊郎,清水 理通,1
中村 豊郎,渋谷 泰子,1
中村 豊郎,渡辺 正平,1
中村 豊郎,狩野 幸信,1
中村 豊郎,田中 準浩,1
中村 豊郎,田中 裕之,1
中村 豊郎,水津 哲義,1
中村 豊郎,横森 洋一,1
中村 豊郎,新村 洋一,1
中村 豊郎,松井 菊恵,1
中村 豊郎,曽根 秀隆,1
中村 豊郎,木曾 邦明,1
中村 豊郎,木村 與司雄,1
中村 豊郎,本間 伸夫,1
中村 豊郎,本馬 健光,1
中村 豊郎,村 清司,1
中村 豊郎,松本 邦男,1
中村 豊郎,榛葉 芳夫,1
中村 豊郎,林田 晋策,1
中村 豊郎,柳田 藤治,1
中村 豊郎,柴田 正人,1
中村 豊郎,栃倉 辰六郎,1
中村 豊郎,桑平 秀夫,1
中村 豊郎,椎木 敏,1
佐藤 俊一,神田 晃敬,1
佐藤 俊一,秋山 裕一,1
小林 信也,田原 孝嗣,1
吉澤 淑,本馬 健光,1
土屋 秀紀,野本 秀正,1
土屋 秀紀,金田 弘挙,1
土屋 秀紀,鍵本 佳孝,1
土屋 秀紀,鎌田 耕造,1
土屋 秀紀,長尾 敬一,1
土屋 秀紀,飯村 穰,1
土屋 秀紀,飯野 修一,1
土屋 秀紀,馬場 茂,1
土屋 秀紀,高尾 享司,1
土屋 秀紀,高橋 利郎,1
土屋 秀紀,高橋 康次郎,1
土屋 秀紀,高橋 順子,1
土屋 秀紀,鴇田 恵子,1
土岐 春歌,森山 裕理子,1
土岐 春歌,殿内 暁夫,1
土屋 秀紀,野口 雅敏,1
土屋 秀紀,近藤 恭一,1
土屋 秀紀,赤尾 綾子,1
土屋 秀紀,羽田 輝美,1
土屋 秀紀,矢野 幸男,1
土屋 秀紀,石井 降幸,1
土屋 秀紀,石原 和夫,1
土屋 秀紀,神田 晃敬,1
土屋 秀紀,秋山 裕一,1
土屋 秀紀,竹村 成三,1
土屋 秀紀,舘 博,1
土屋 秀紀,西村 顕,1
土屋 秀紀,舟橋 章,1
土屋 秀紀,若井 芳則,1
土屋 秀紀,蓼沼 誠,1
土屋 秀紀,藪内 精三,1
土屋 秀紀,西川 紀男,1
土屋 秀紀,西方 君恵,1
土岐 春歌,青山 嘉宏,1
土肥 和夫,後藤 邦康,1
土谷 紀美,木田 建次,1
大場 孝宏,小田 淳史,1
堀津 浩章,赤野 裕文,1
堀津 浩章,高見澤 一裕,1
塩原 貫司,岸本 宗和,1
塩原 貫司,柳田 藤寿,1
塩原 貫司,萩原 健一,1
大場 孝宏,大西 隆晴,1
大場 孝宏,山崎 努,1
堀津 浩章,江藤 義春,1
大場 孝宏,羽田野 雄大,1
大場 孝宏,野見山 修治,1
大場 孝宏,鈴木 正何,1
大場 孝宏,鈴木 正柯,1
大場 孝宏,黒田 理恵子,1
大塚 謙一,大河内 基夫,1
堀津 浩章,矢橋 裕一,1
堀津 浩章,木股 由貴,1
土谷 紀美,西村 賢了,1
坪内 一夫,栗田 修,1
坂井 劭,大竹 聡,1
坂井 劭,穂坂 賢,1
坂井 劭,角本 琢磨,1
坂井 拓夫,大屋敷 春夫,1
坂井 拓夫,高山 卓美,1
坊垣 隆之,尾関 健二,1
城 斗志夫,有本 圭吾,1
堀津 浩章,川村 吉也,1
城 斗志夫,栗林 喬,1
城 斗志夫,渡邉 陽介,1
城 斗志夫,畠山 明,1
城斗 志夫,有本 圭吾,1
城斗 志夫,渡邉 陽介,1
城斗 志夫,畠山 明,1
土屋 秀紀,白石 真奈美,1
土屋 秀紀,田島 和成,1
土屋 秀紀,田原 孝嗣,1
土屋 秀紀,岩本 将稔,1
土屋 秀紀,小野 美代子,1
土屋 秀紀,尾形 智夫,1
土屋 秀紀,山下 伸雄,1
土屋 秀紀,岡崎 直人,1
土屋 秀紀,岡本 竹己,1
土屋 秀紀,岡田 早苗,1
土屋 秀紀,岩田 深也,1
土屋 秀紀,小西 康夫,1
土屋 秀紀,岩野 君夫,1
土屋 秀紀,島津 武,1
土屋 秀紀,川合 菜穂美,1
土屋 秀紀,川戸 章嗣,1
土屋 秀紀,市川 英治,1
土屋 秀紀,布川 弥太郎,1
土屋 秀紀,小野 章夫,1
土屋 秀紀,小泉 幸道,1
土屋 秀紀,戸塚 昭,1
園田 頼和,西村 賢了,1
和田 弥寿子,小関 敏彦,1
和田 弥寿子,松田 義弘,1
和田 弥寿子,菅原 哲也,1
四方田 淳,鳥山 伸一,1
園田 頼和,土谷 紀美,1
園田 頼和,木田 建次,1
土屋 秀紀,大塚 謙一,1
土屋 秀紀,小林 有一,1
土屋 秀紀,大河内 基夫,1
土屋 秀紀,太田 一良,1
土屋 秀紀,安部 康久,1
土屋 秀紀,家藤 幸治,1
土屋 秀紀,富田 実,1
土屋 秀紀,小林 信也,1
土屋 秀紀,平田 勤,1
土屋 秀紀,新村 洋一,1
土屋 秀紀,田代 道夫,1
土屋 秀紀,清水 文夫,1
土屋 秀紀,永見 憲三,1
土屋 秀紀,泉 禄郎,1
土屋 秀紀,津田 孝範,1
土屋 秀紀,浜地 正昭,1
土屋 秀紀,浦野 直人,1
土屋 秀紀,清水 健一,1
土屋 秀紀,清水 理通,1
土屋 秀紀,水津 哲義,1
土屋 秀紀,渋谷 泰子,1
土屋 秀紀,渡辺 正平,1
土屋 秀紀,狩野 幸信,1
土屋 秀紀,田中 準浩,1
土屋 秀紀,田中 裕之,1
土屋 秀紀,田仁 祥信,1
土屋 秀紀,永井 英雄,1
土屋 秀紀,水品 圭司,1
土屋 秀紀,曽根 秀隆,1
土屋 秀紀,松本 邦男,1
土屋 秀紀,木曾 邦明,1
土屋 秀紀,木村 與司雄,1
土屋 秀紀,本間 伸夫,1
土屋 秀紀,本馬 健光,1
土屋 秀紀,村 清司,1
土屋 秀紀,松井 菊恵,1
土屋 秀紀,林田 晋策,1
土屋 秀紀,横森 洋一,1
土屋 秀紀,柳田 藤治,1
土屋 秀紀,柴田 正人,1
土屋 秀紀,栃倉 辰六郎,1
土屋 秀紀,桑平 秀夫,1
土屋 秀紀,椎木 敏,1
土屋 秀紀,榛葉 芳夫,1
大塚 謙一,太田 一良,1
大塚 謙一,安部 康久,1
大塚 謙一,家藤 幸治,1
大江田 憲治,山本 俊哉,1
大屋敷 春夫,高山 卓美,1
大嶋 泰治,山崎 豊彦,1
大嶋 泰治,金子 嘉信,1
大橋 正孝,清水 浩美,1
大橋 正孝,都築 正男,1
大江田 憲治,山下 伸雄,1
大江田 憲治,永井 英雄,1
大塚 謙一,高橋 順子,1
大江田 憲治,池上 勝,1
大江田 憲治,近藤 恭一,1
大江田 憲治,長谷 篤,1
大河内 基夫,太田 一良,1
大河内 基夫,安部 康久,1
大河内 基夫,家藤 幸治,1
大塚 謙一,鴇田 恵子,1
大塚 謙一,高橋 康次郎,1
大河内 基夫,小林 信也,1
大塚 謙一,金田 弘挙,1
大塚 謙一,西方 君恵,1
大塚 謙一,西村 顕,1
大塚 謙一,赤尾 綾子,1
大塚 謙一,近藤 恭一,1
大塚 謙一,野口 雅敏,1
大塚 謙一,野本 秀正,1
大塚 謙一,鍵本 佳孝,1
大塚 謙一,高橋 利郎,1
大塚 謙一,鎌田 耕造,1
大塚 謙一,長尾 敬一,1
大塚 謙一,飯村 穰,1
大塚 謙一,飯野 修一,1
大塚 謙一,馬場 茂,1
大塚 謙一,高尾 享司,1
大河内 基夫,富田 実,1
大河内 基夫,小林 有一,1
大塚 謙一,藪内 精三,1
大河内 基夫,村 清司,1
大河内 基夫,新村 洋一,1
大河内 基夫,曽根 秀隆,1
大河内 基夫,木曾 邦明,1
大河内 基夫,木村 與司雄,1
大河内 基夫,本間 伸夫,1
大河内 基夫,本馬 健光,1
大河内 基夫,松井 菊恵,1
大河内 基夫,平田 勤,1
大河内 基夫,松本 邦男,1
大河内 基夫,林田 晋策,1
大河内 基夫,柳田 藤治,1
大河内 基夫,柴田 正人,1
大河内 基夫,栃倉 辰六郎,1
大河内 基夫,桑平 秀夫,1
大河内 基夫,戸塚 昭,1
大河内 基夫,布川 弥太郎,1
大河内 基夫,小泉 幸道,1
大河内 基夫,岡本 竹己,1
大河内 基夫,小西 康夫,1
大河内 基夫,小野 章夫,1
大河内 基夫,小野 美代子,1
大河内 基夫,尾形 智夫,1
大河内 基夫,山下 伸雄,1
大河内 基夫,岡崎 直人,1
大河内 基夫,岡田 早苗,1
大河内 基夫,市川 英治,1
大河内 基夫,岩本 将稔,1
大河内 基夫,岩田 深也,1
大河内 基夫,岩野 君夫,1
大河内 基夫,島津 武,1
大河内 基夫,川合 菜穂美,1
大河内 基夫,川戸 章嗣,1
大塚 謙一,西川 紀男,1
大塚 謙一,蓼沼 誠,1
大塚 謙一,富田 実,1
大塚 謙一,木村 與司雄,1
大塚 謙一,布川 弥太郎,1
大塚 謙一,平田 勤,1
大塚 謙一,戸塚 昭,1
大塚 謙一,新村 洋一,1
大塚 謙一,曽根 秀隆,1
大塚 謙一,木曾 邦明,1
大塚 謙一,本間 伸夫,1
大塚 謙一,川戸 章嗣,1
大塚 謙一,本馬 健光,1
大塚 謙一,村 清司,1
大塚 謙一,松井 菊恵,1
大塚 謙一,松本 邦男,1
大塚 謙一,林田 晋策,1
大塚 謙一,柳田 藤治,1
大塚 謙一,市川 英治,1
大塚 謙一,川合 菜穂美,1
大塚 謙一,栃倉 辰六郎,1
大塚 謙一,尾形 智夫,1
大塚 謙一,小林 信也,1
大塚 謙一,小林 有一,1
大塚 謙一,小泉 幸道,1
大塚 謙一,小西 康夫,1
大塚 謙一,小野 章夫,1
大塚 謙一,小野 美代子,1
大塚 謙一,山下 伸雄,1
大塚 謙一,島津 武,1
大塚 謙一,岡崎 直人,1
大塚 謙一,岡本 竹己,1
大塚 謙一,岡田 早苗,1
大塚 謙一,岩本 将稔,1
大塚 謙一,岩田 深也,1
大塚 謙一,岩野 君夫,1
大塚 謙一,柴田 正人,1
大塚 謙一,桑平 秀夫,1
大塚 謙一,若井 芳則,1
大塚 謙一,石井 降幸,1
大塚 謙一,田仁 祥信,1
大塚 謙一,田代 道夫,1
大塚 謙一,田原 孝嗣,1
大塚 謙一,田島 和成,1
大塚 謙一,白石 真奈美,1
大塚 謙一,矢野 幸男,1
大塚 謙一,石原 和夫,1
大塚 謙一,田中 準浩,1
大塚 謙一,神田 晃敬,1
大塚 謙一,秋山 裕一,1
大塚 謙一,竹村 成三,1
大塚 謙一,羽田 輝美,1
大塚 謙一,舘 博,1
大塚 謙一,舟橋 章,1
大塚 謙一,田中 裕之,1
大塚 謙一,狩野 幸信,1
大塚 謙一,椎木 敏,1
大塚 謙一,泉 禄郎,1
大塚 謙一,榛葉 芳夫,1
大塚 謙一,横森 洋一,1
大塚 謙一,水品 圭司,1
大塚 謙一,水津 哲義,1
大塚 謙一,永井 英雄,1
大塚 謙一,永見 憲三,1
大塚 謙一,津田 孝範,1
大塚 謙一,渡辺 正平,1
大塚 謙一,浜地 正昭,1
大塚 謙一,浦野 直人,1
大塚 謙一,清水 健一,1
大塚 謙一,清水 文夫,1
大塚 謙一,清水 理通,1
大塚 謙一,渋谷 泰子,1
和田 多聞,須貝 智,1
和田 多聞,鈴木 弥兵衛,1
和田 多聞,石垣 浩佳,1
吉田 和司,木村 與司雄,1
吉田 和司,布川 弥太郎,1
吉田 和司,平田 勤,1
吉田 和司,戸塚 昭,1
吉田 和司,新村 洋一,1
吉田 和司,曽根 秀隆,1
吉田 和司,木曾 邦明,1
吉田 和司,本間 伸夫,1
吉田 和司,川戸 章嗣,1
吉田 和司,本馬 健光,1
吉田 和司,村 清司,1
吉田 和司,松井 菊恵,1
吉田 和司,松本 邦男,1
吉田 和司,林田 晋策,1
吉田 和司,柳田 藤治,1
吉田 和司,市川 英治,1
吉田 和司,川合 菜穂美,1
吉田 和司,栃倉 辰六郎,1
吉田 和司,尾形 智夫,1
吉田 和司,小林 信也,1
吉田 和司,小林 有一,1
吉田 和司,小泉 幸道,1
吉田 和司,小西 康夫,1
吉田 和司,小野 章夫,1
吉田 和司,小野 美代子,1
吉田 和司,山下 伸雄,1
吉田 和司,島津 武,1
吉田 和司,岡崎 直人,1
吉田 和司,岡本 竹己,1
吉田 和司,岡田 早苗,1
吉田 和司,岩本 将稔,1
吉田 和司,岩田 深也,1
吉田 和司,岩野 君夫,1
吉田 和司,柴田 正人,1
吉田 和司,桑平 秀夫,1
吉田 和司,家藤 幸治,1
吉田 和司,石井 降幸,1
吉田 和司,田仁 祥信,1
吉田 和司,田代 道夫,1
吉田 和司,田原 孝嗣,1
吉田 和司,田島 和成,1
吉田 和司,白石 真奈美,1
吉田 和司,矢野 幸男,1
吉田 和司,石原 和夫,1
吉田 和司,田中 準浩,1
吉田 和司,神田 晃敬,1
吉田 和司,秋山 裕一,1
吉田 和司,竹村 成三,1
吉田 和司,羽田 輝美,1
吉田 和司,舘 博,1
吉田 和司,舟橋 章,1
吉田 和司,田中 裕之,1
吉田 和司,狩野 幸信,1
吉田 和司,椎木 敏,1
吉田 和司,泉 禄郎,1
吉田 和司,榛葉 芳夫,1
吉田 和司,横森 洋一,1
吉田 和司,水品 圭司,1
吉田 和司,水津 哲義,1
吉田 和司,永井 英雄,1
吉田 和司,永見 憲三,1
吉田 和司,津田 孝範,1
吉田 和司,渡辺 正平,1
吉田 和司,浜地 正昭,1
吉田 和司,浦野 直人,1
吉田 和司,清水 健一,1
吉田 和司,清水 文夫,1
吉田 和司,清水 理通,1
吉田 和司,渋谷 泰子,1
吉田 和司,富田 実,1
吉田 和司,安部 康久,1
吉田 和司,蓼沼 誠,1
吉澤 淑,田中 準浩,1
吉澤 淑,清水 健一,1
吉澤 淑,清水 文夫,1
吉澤 淑,清水 理通,1
吉澤 淑,渋谷 泰子,1
吉澤 淑,渡辺 正平,1
吉澤 淑,狩野 幸信,1
吉澤 淑,田中 裕之,1
吉澤 淑,浜地 正昭,1
吉澤 淑,田仁 祥信,1
吉澤 淑,田代 道夫,1
吉澤 淑,田原 孝嗣,1
吉澤 淑,田島 和成,1
吉澤 淑,白石 真奈美,1
吉澤 淑,矢野 幸男,1
吉澤 淑,浦野 直人,1
吉澤 淑,津田 孝範,1
吉澤 淑,石原 和夫,1
吉澤 淑,桑平 秀夫,1
吉澤 淑,松井 菊恵,1
吉澤 淑,松本 邦男,1
吉澤 淑,林田 晋策,1
吉澤 淑,柳田 藤治,1
吉澤 淑,柴田 正人,1
吉澤 淑,栃倉 辰六郎,1
吉澤 淑,椎木 敏,1
吉澤 淑,泉 禄郎,1
吉澤 淑,榛葉 芳夫,1
吉澤 淑,横森 洋一,1
吉澤 淑,水品 圭司,1
吉澤 淑,水津 哲義,1
吉澤 淑,永井 英雄,1
吉澤 淑,永見 憲三,1
吉澤 淑,石井 降幸,1
吉澤 淑,神田 晃敬,1
吉田 和司,太田 一良,1
吉澤 淑,高橋 利郎,1
吉澤 淑,鎌田 耕造,1
吉澤 淑,長尾 敬一,1
吉澤 淑,飯村 穰,1
吉澤 淑,飯野 修一,1
吉澤 淑,馬場 茂,1
吉澤 淑,高尾 享司,1
吉澤 淑,高橋 康次郎,1
吉澤 淑,金田 弘挙,1
吉澤 淑,高橋 順子,1
吉澤 淑,鴇田 恵子,1
吉田 和司,吹上 禎久,1
吉田 和司,土屋 秀紀,1
吉田 和司,大塚 謙一,1
吉田 和司,大河内 基夫,1
吉澤 淑,鍵本 佳孝,1
吉澤 淑,金内 誠,1
吉澤 淑,秋山 裕一,1
吉澤 淑,蓼沼 誠,1
吉澤 淑,竹村 成三,1
吉澤 淑,笠原 紳,1
吉澤 淑,羽田 輝美,1
吉澤 淑,舘 博,1
吉澤 淑,舟橋 章,1
吉澤 淑,若井 芳則,1
吉澤 淑,藪内 精三,1
吉澤 淑,野本 秀正,1
吉澤 淑,西川 紀男,1
吉澤 淑,西方 君恵,1
吉澤 淑,西村 顕,1
吉澤 淑,赤尾 綾子,1
吉澤 淑,近藤 恭一,1
吉澤 淑,野口 雅敏,1
吉田 和司,若井 芳則,1
吉田 和司,藪内 精三,1
和田 多聞,松田 義弘,1
吹上 禎久,田代 道夫,1
吹上 禎久,渋谷 泰子,1
吹上 禎久,渡辺 正平,1
吹上 禎久,狩野 幸信,1
吹上 禎久,田中 準浩,1
吹上 禎久,田中 裕之,1
吹上 禎久,田仁 祥信,1
吹上 禎久,田原 孝嗣,1
吹上 禎久,清水 文夫,1
吹上 禎久,田島 和成,1
吹上 禎久,白石 真奈美,1
吹上 禎久,矢野 幸男,1
吹上 禎久,石井 降幸,1
吹上 禎久,石原 和夫,1
吹上 禎久,神田 晃敬,1
吹上 禎久,清水 理通,1
吹上 禎久,清水 健一,1
吹上 禎久,竹村 成三,1
吹上 禎久,横森 洋一,1
吹上 禎久,柳田 藤治,1
吹上 禎久,柴田 正人,1
吹上 禎久,栃倉 辰六郎,1
吹上 禎久,桑平 秀夫,1
吹上 禎久,椎木 敏,1
吹上 禎久,榛葉 芳夫,1
吹上 禎久,水品 圭司,1
吹上 禎久,浦野 直人,1
吹上 禎久,水津 哲義,1
吹上 禎久,永井 英雄,1
吹上 禎久,永見 憲三,1
吹上 禎久,泉 禄郎,1
吹上 禎久,津田 孝範,1
吹上 禎久,浜地 正昭,1
吹上 禎久,秋山 裕一,1
吹上 禎久,羽田 輝美,1
吹上 禎久,松本 邦男,1
呂 洙煥,杉山 峰崇,1
吹上 禎久,高尾 享司,1
吹上 禎久,高橋 利郎,1
吹上 禎久,高橋 康次郎,1
吹上 禎久,高橋 順子,1
吹上 禎久,鴇田 恵子,1
呂 洙煥,文 智渶,1
呂 洙煥,松下 青葉,1
吹上 禎久,飯野 修一,1
周 延,岡崎 直人,1
周 延,渡辺 大輔,1
周 延,赤尾 健,1
和田 多聞,小島 弥之祐,1
和田 多聞,小関 敏彦,1
和田 多聞,布宮 雅昭,1
吹上 禎久,馬場 茂,1
吹上 禎久,飯村 穰,1
吹上 禎久,舘 博,1
吹上 禎久,西村 顕,1
吹上 禎久,舟橋 章,1
吹上 禎久,若井 芳則,1
吹上 禎久,蓼沼 誠,1
吹上 禎久,藪内 精三,1
吹上 禎久,西川 紀男,1
吹上 禎久,西方 君恵,1
吹上 禎久,赤尾 綾子,1
吹上 禎久,長尾 敬一,1
吹上 禎久,近藤 恭一,1
吹上 禎久,野口 雅敏,1
吹上 禎久,野本 秀正,1
吹上 禎久,金田 弘挙,1
吹上 禎久,鍵本 佳孝,1
吹上 禎久,鎌田 耕造,1
吹上 禎久,林田 晋策,1
吹上 禎久,松井 菊恵,1
吉田 和司,西川 紀男,1
向田 潤,奥村 真衣,1
吉田 清,吉留 朋尚,1
吉田 清,牧 則光,1
吉田 清,米玉利 隆,1
吉田 清,野白 喜久雄,1
吉留 朋尚,牧 則光,1
吉留 朋尚,米玉利 隆,1
向田 潤,島田 昌也,1
吉田 和司,高橋 順子,1
向田 潤,平井 菜未,1
向田 潤,早川 享志,1
向田 潤,杉山 誠,1
向田 潤,正木 和夫,1
向田 潤,澤井 美伯,1
向田 潤,玉置 尚徳,1
吉田 和司,鴇田 恵子,1
吉田 和司,高橋 康次郎,1
向田 潤,鈴木 徹,1
吉田 和司,金田 弘挙,1
吉田 和司,西方 君恵,1
吉田 和司,西村 顕,1
吉田 和司,赤尾 綾子,1
吉田 和司,近藤 恭一,1
吉田 和司,野口 雅敏,1
吉田 和司,野本 秀正,1
吉田 和司,鍵本 佳孝,1
吉田 和司,高橋 利郎,1
吉田 和司,鎌田 耕造,1
吉田 和司,長尾 敬一,1
吉田 和司,飯村 穰,1
吉田 和司,飯野 修一,1
吉田 和司,馬場 茂,1
吉田 和司,高尾 享司,1
向田 潤,稲垣 瑞穂,1
吹上 禎久,土屋 秀紀,1
吹上 禎久,村 清司,1
吹上 禎久,平田 勤,1
吹上 禎久,岩野 君夫,1
吹上 禎久,島津 武,1
吹上 禎久,川合 菜穂美,1
吹上 禎久,川戸 章嗣,1
吹上 禎久,市川 英治,1
吹上 禎久,布川 弥太郎,1
吹上 禎久,戸塚 昭,1
吹上 禎久,岩本 将稔,1
吹上 禎久,新村 洋一,1
吹上 禎久,曽根 秀隆,1
吹上 禎久,木曾 邦明,1
吹上 禎久,木村 與司雄,1
吹上 禎久,本間 伸夫,1
吹上 禎久,本馬 健光,1
吹上 禎久,岩田 深也,1
吹上 禎久,岡田 早苗,1
吹上 禎久,大塚 謙一,1
吹上 禎久,小林 有一,1
吹上 禎久,大河内 基夫,1
吹上 禎久,太田 一良,1
吹上 禎久,安部 康久,1
吹上 禎久,家藤 幸治,1
吹上 禎久,富田 実,1
吹上 禎久,小林 信也,1
吹上 禎久,小泉 幸道,1
吹上 禎久,岡本 竹己,1
吹上 禎久,小西 康夫,1
吹上 禎久,小野 章夫,1
吹上 禎久,小野 美代子,1
吹上 禎久,尾形 智夫,1
吹上 禎久,山下 伸雄,1
吹上 禎久,岡崎 直人,1
大河内 基夫,椎木 敏,1
大河内 基夫,榛葉 芳夫,1
大河内 基夫,横森 洋一,1
家藤 幸治,赤尾 綾子,1
家藤 幸治,若井 芳則,1
家藤 幸治,蓼沼 誠,1
家藤 幸治,藪内 精三,1
家藤 幸治,西川 紀男,1
家藤 幸治,西方 君恵,1
家藤 幸治,西村 顕,1
家藤 幸治,近藤 恭一,1
家藤 幸治,舘 博,1
家藤 幸治,野口 雅敏,1
家藤 幸治,野本 秀正,1
家藤 幸治,金田 弘挙,1
家藤 幸治,鍵本 佳孝,1
家藤 幸治,鎌田 耕造,1
家藤 幸治,長尾 敬一,1
家藤 幸治,舟橋 章,1
家藤 幸治,羽田 輝美,1
家藤 幸治,飯野 修一,1
家藤 幸治,田原 孝嗣,1
家藤 幸治,渡辺 正平,1
家藤 幸治,狩野 幸信,1
家藤 幸治,田中 準浩,1
家藤 幸治,田中 裕之,1
家藤 幸治,田仁 祥信,1
家藤 幸治,田代 道夫,1
家藤 幸治,田島 和成,1
家藤 幸治,竹村 成三,1
家藤 幸治,白石 真奈美,1
家藤 幸治,矢野 幸男,1
家藤 幸治,石井 降幸,1
家藤 幸治,石原 和夫,1
家藤 幸治,神田 晃敬,1
家藤 幸治,秋山 裕一,1
家藤 幸治,飯村 穰,1
家藤 幸治,馬場 茂,1
家藤 幸治,清水 理通,1
富田 実,平田 勤,1
富田 実,岩野 君夫,1
富田 実,島津 武,1
富田 実,川合 菜穂美,1
富田 実,川戸 章嗣,1
富田 実,市川 英治,1
富田 実,布川 弥太郎,1
富田 実,戸塚 昭,1
富田 実,岩本 将稔,1
富田 実,新村 洋一,1
富田 実,曽根 秀隆,1
富田 実,木曾 邦明,1
富田 実,木村 與司雄,1
富田 実,本間 伸夫,1
富田 実,本馬 健光,1
富田 実,岩田 深也,1
富田 実,岡田 早苗,1
家藤 幸治,高尾 享司,1
富田 実,小林 有一,1
家藤 幸治,高橋 利郎,1
家藤 幸治,高橋 康次郎,1
家藤 幸治,高橋 順子,1
家藤 幸治,鴇田 恵子,1
家藤 治幸,庄林 愛,1
富田 実,小林 信也,1
富田 実,小泉 幸道,1
富田 実,岡本 竹己,1
富田 実,小西 康夫,1
富田 実,小野 章夫,1
富田 実,小野 美代子,1
富田 実,尾形 智夫,1
富田 実,山下 伸雄,1
富田 実,岡崎 直人,1
家藤 幸治,渋谷 泰子,1
家藤 幸治,清水 文夫,1
富田 実,松井 菊恵,1
家藤 幸治,小泉 幸道,1
家田 明音,船井 秀哉,1
家田 明音,赤尾 健,1
家田 明音,近藤 徹弥,1
家藤 幸治,富田 実,1
家藤 幸治,小林 信也,1
家藤 幸治,小林 有一,1
家藤 幸治,小西 康夫,1
家田 明音,杉山 信之,1
家藤 幸治,小野 章夫,1
家藤 幸治,小野 美代子,1
家藤 幸治,尾形 智夫,1
家藤 幸治,山下 伸雄,1
家藤 幸治,岡崎 直人,1
家藤 幸治,岡本 竹己,1
家田 明音,榊原 康彰,1
家田 明音,志水 元亨,1
家藤 幸治,岩本 将稔,1
宮川 博士,木田 建次,1
宮岡 俊輔,森本 聡,1
宮崎 忠雄,桑原 秀明,1
宮崎 忠雄,蟻川 幸彦,1
宮崎 忠雄,近藤 君夫,1
宮崎 忠雄,馬場 茂,1
宮川 博士,尾崎 綾子,1
宮川 博士,森村 茂,1
家田 明音,山本 晃司,1
宮川 博士,湯 岳琴,1
宮本 拓,烏力吉徳力根,1
宮本 拓,豊川 佳奈子,1
宮田 章,林田 晋策,1
宮田 章,田仁 祥信,1
宮野 信之,蓮尾 徹夫,1
家藤 幸治,岡田 早苗,1
家藤 幸治,岩田 深也,1
家藤 幸治,清水 健一,1
家藤 幸治,水品 圭司,1
家藤 幸治,柴田 正人,1
家藤 幸治,栃倉 辰六郎,1
家藤 幸治,桑平 秀夫,1
家藤 幸治,椎木 敏,1
家藤 幸治,榛葉 芳夫,1
家藤 幸治,横森 洋一,1
家藤 幸治,水津 哲義,1
家藤 幸治,林田 晋策,1
家藤 幸治,永井 英雄,1
家藤 幸治,永見 憲三,1
家藤 幸治,泉 禄郎,1
家藤 幸治,津田 孝範,1
家藤 幸治,浜地 正昭,1
家藤 幸治,浦野 直人,1
家藤 幸治,柳田 藤治,1
家藤 幸治,松本 邦男,1
家藤 幸治,岩野 君夫,1
家藤 幸治,戸塚 昭,1
家藤 幸治,島津 武,1
家藤 幸治,川合 菜穂美,1
家藤 幸治,川戸 章嗣,1
家藤 幸治,市川 英治,1
家藤 幸治,布川 弥太郎,1
家藤 幸治,平田 勤,1
家藤 幸治,新村 洋一,1
家藤 幸治,松井 菊恵,1
家藤 幸治,曽根 秀隆,1
家藤 幸治,木曾 邦明,1
家藤 幸治,木村 與司雄,1
家藤 幸治,本間 伸夫,1
家藤 幸治,本馬 健光,1
家藤 幸治,村 清司,1
富田 実,村 清司,1
富田 実,松本 邦男,1
安部 康久,鴇田 恵子,1
小林 信也,岩田 深也,1
小林 信也,尾形 智夫,1
小林 信也,山下 伸雄,1
小林 信也,岡崎 直人,1
小林 信也,岡本 竹己,1
小林 信也,岡田 早苗,1
小林 信也,岩本 将稔,1
小林 信也,岩野 君夫,1
小林 信也,小野 章夫,1
小林 信也,島津 武,1
小林 信也,川合 菜穂美,1
小林 信也,川戸 章嗣,1
小林 信也,市川 英治,1
小林 信也,布川 弥太郎,1
小林 信也,平田 勤,1
Adinda Putri Wisman,広畑 修二,1
小林 信也,小西 康夫,1
小林 信也,新村 洋一,1
小川 喜八郎,幸 賢二,1
小崎 道雄,高木 重樹,1
小川 健二郎,山﨑 楓,1
小川 健二郎,山﨑 正夫,1
小川 健二郎,松浦 裕美,1
小川 健二郎,西山 和夫,1
小川 喜八郎,平原 敏幸,1
小川 喜八郎,片渕 勇敬,1
小林 信也,小泉 幸道,1
小川 喜八郎,藤井 昇,1
小川 喜八郎,馬場 雅幸,1
小幡 孝之,森川 智,1
小幡 孝之,蓮尾 徹夫,1
小幡 孝之,西谷 尚道,1
小林 信也,小林 有一,1
小林 信也,戸塚 昭,1
小林 信也,曽根 秀隆,1
小島 弥之祐,須貝 智,1
小林 信也,清水 理通,1
小林 信也,泉 禄郎,1
小林 信也,津田 孝範,1
小林 信也,浜地 正昭,1
小林 信也,浦野 直人,1
小林 信也,清水 健一,1
小林 信也,清水 文夫,1
小林 信也,渋谷 泰子,1
小林 信也,永井 英雄,1
小林 信也,渡辺 正平,1
小林 信也,狩野 幸信,1
小林 信也,田中 準浩,1
小林 信也,田中 裕之,1
小林 信也,田仁 祥信,1
小林 信也,田代 道夫,1
小林 信也,永見 憲三,1
小林 信也,水津 哲義,1
小林 信也,木曾 邦明,1
小林 信也,林田 晋策,1
小林 信也,木村 與司雄,1
小林 信也,本間 伸夫,1
小林 信也,本馬 健光,1
小林 信也,村 清司,1
小林 信也,松井 菊恵,1
小林 信也,松本 邦男,1
小林 信也,柳田 藤治,1
小林 信也,水品 圭司,1
小林 信也,柴田 正人,1
小林 信也,栃倉 辰六郎,1
小林 信也,桑平 秀夫,1
小林 信也,椎木 敏,1
小林 信也,榛葉 芳夫,1
小林 信也,横森 洋一,1
小崎 道雄,渡辺 堅二,1
小島 弥之祐,鈴木 弥兵衛,1
富田 実,林田 晋策,1
富田 実,田代 道夫,1
富田 実,渋谷 泰子,1
富田 実,渡辺 正平,1
富田 実,狩野 幸信,1
富田 実,田中 準浩,1
富田 実,田中 裕之,1
富田 実,田仁 祥信,1
富田 実,田原 孝嗣,1
富田 実,清水 文夫,1
富田 実,田島 和成,1
富田 実,白石 真奈美,1
富田 実,矢野 幸男,1
富田 実,石井 降幸,1
富田 実,石原 和夫,1
富田 実,神田 晃敬,1
富田 実,清水 理通,1
富田 実,清水 健一,1
富田 実,竹村 成三,1
富田 実,横森 洋一,1
富田 実,柳田 藤治,1
富田 実,柴田 正人,1
富田 実,栃倉 辰六郎,1
富田 実,桑平 秀夫,1
富田 実,椎木 敏,1
富田 実,榛葉 芳夫,1
富田 実,水品 圭司,1
富田 実,浦野 直人,1
富田 実,水津 哲義,1
富田 実,永井 英雄,1
富田 実,永見 憲三,1
富田 実,泉 禄郎,1
富田 実,津田 孝範,1
富田 実,浜地 正昭,1
富田 実,秋山 裕一,1
富田 実,羽田 輝美,1
小島 弥之祐,石垣 浩佳,1
寺澤 善実,石川 雄章,1
富田 実,高尾 享司,1
富田 実,高橋 利郎,1
富田 実,高橋 康次郎,1
富田 実,高橋 順子,1
富田 実,鴇田 恵子,1
寺澤 善実,杉田 佑輔,1
寺澤 善実,花牟礼 研一,1
富田 実,飯野 修一,1
寺澤 善実,藤野 舜一,1
小室 真保,川邊 久之,1
小室 真保,藤野 舜一,1
小島 弥之祐,小関 敏彦,1
小島 弥之祐,布宮 雅昭,1
小島 弥之祐,松田 義弘,1
富田 実,馬場 茂,1
富田 実,飯村 穰,1
富田 実,舘 博,1
富田 実,西村 顕,1
富田 実,舟橋 章,1
富田 実,若井 芳則,1
富田 実,蓼沼 誠,1
富田 実,藪内 精三,1
富田 実,西川 紀男,1
富田 実,西方 君恵,1
富田 実,赤尾 綾子,1
富田 実,長尾 敬一,1
富田 実,近藤 恭一,1
富田 実,野口 雅敏,1
富田 実,野本 秀正,1
富田 実,金田 弘挙,1
富田 実,鍵本 佳孝,1
富田 実,鎌田 耕造,1
宮岡 俊輔,新谷 智吉,1
安部 康久,高橋 順子,1
大河内 基夫,水品 圭司,1
太田 一良,岩野 君夫,1
太田 一良,山下 伸雄,1
太田 一良,岡崎 直人,1
太田 一良,岡本 竹己,1
太田 一良,岡田 早苗,1
太田 一良,岩本 将稔,1
太田 一良,岩田 深也,1
太田 一良,島津 武,1
太田 一良,小野 美代子,1
太田 一良,川合 菜穂美,1
太田 一良,川戸 章嗣,1
太田 一良,市川 英治,1
太田 一良,布川 弥太郎,1
太田 一良,平田 勤,1
太田 一良,戸塚 昭,1
太田 一良,尾形 智夫,1
太田 一良,小野 章夫,1
太田 一良,曽根 秀隆,1
天野 義文,葛西 宏威,1
大野 剛,渡辺 誠衛,1
大野 剛,田口 隆信,1
大野 剛,高橋 仁,1
天野 義文,河村 正輝,1
天野 義文,渡辺 正平,1
天野 義文,菊池 良充,1
太田 一良,安部 康久,1
太田 一良,小西 康夫,1
太田 一良,宮田 章,1
太田 一良,家藤 幸治,1
太田 一良,富田 実,1
太田 一良,小林 信也,1
太田 一良,小林 有一,1
太田 一良,小泉 幸道,1
太田 一良,新村 洋一,1
太田 一良,木曾 邦明,1
大竹 聡,角本 琢磨,1
太田 一良,渡辺 正平,1
太田 一良,浜地 正昭,1
太田 一良,浦野 直人,1
太田 一良,清水 健一,1
太田 一良,清水 文夫,1
太田 一良,清水 理通,1
太田 一良,渋谷 泰子,1
太田 一良,狩野 幸信,1
太田 一良,泉 禄郎,1
太田 一良,田中 準浩,1
太田 一良,田中 裕之,1
太田 一良,田代 道夫,1
太田 一良,田原 孝嗣,1
太田 一良,田島 和成,1
太田 一良,白石 真奈美,1
太田 一良,津田 孝範,1
太田 一良,永見 憲三,1
太田 一良,木村 與司雄,1
太田 一良,柴田 正人,1
太田 一良,本間 伸夫,1
太田 一良,本馬 健光,1
太田 一良,村 清司,1
太田 一良,松井 菊恵,1
太田 一良,松本 邦男,1
太田 一良,柳田 藤治,1
太田 一良,栃倉 辰六郎,1
太田 一良,永井 英雄,1
太田 一良,桑平 秀夫,1
太田 一良,椎木 敏,1
太田 一良,榛葉 芳夫,1
太田 一良,横森 洋一,1
太田 一良,水品 圭司,1
太田 一良,水津 哲義,1
大西 隆晴,満生 慎二,1
大竹 聡,穂坂 賢,1
太田 一良,石井 降幸,1
大河内 基夫,秋山 裕一,1
大河内 基夫,田島 和成,1
大河内 基夫,白石 真奈美,1
大河内 基夫,矢野 幸男,1
大河内 基夫,石井 降幸,1
大河内 基夫,石原 和夫,1
大河内 基夫,神田 晃敬,1
大河内 基夫,竹村 成三,1
大河内 基夫,田代 道夫,1
大河内 基夫,羽田 輝美,1
大河内 基夫,舘 博,1
大河内 基夫,舟橋 章,1
大河内 基夫,若井 芳則,1
大河内 基夫,蓼沼 誠,1
大河内 基夫,藪内 精三,1
大河内 基夫,田原 孝嗣,1
大河内 基夫,田仁 祥信,1
大河内 基夫,西方 君恵,1
大河内 基夫,浦野 直人,1
大河内 基夫,水津 哲義,1
大河内 基夫,永井 英雄,1
大河内 基夫,永見 憲三,1
大河内 基夫,泉 禄郎,1
大河内 基夫,津田 孝範,1
大河内 基夫,浜地 正昭,1
大河内 基夫,清水 健一,1
大河内 基夫,田中 裕之,1
大河内 基夫,清水 文夫,1
大河内 基夫,清水 理通,1
大河内 基夫,渋谷 泰子,1
大河内 基夫,渡辺 正平,1
大河内 基夫,狩野 幸信,1
大河内 基夫,田中 準浩,1
大河内 基夫,西川 紀男,1
大河内 基夫,西村 顕,1
大澤 純也,米倉 裕一,1
大澤 慶暢,天野 義文,1
大浦 有実,村田 晃,1
大浦 有実,神田 康三,1
大淵 和彦,本馬 健光,1
大淵 和彦,東田 優子,1
大淵 和彦,浜地 正昭,1
大淵 和彦,神田 晃敬,1
大澤 慶暢,河村 正輝,1
大沼 寿洋,高橋 康次郎,1
大澤 慶暢,渡辺 正平,1
大澤 慶暢,菊池 良充,1
大澤 慶暢,葛西 宏威,1
大澤 純也,小浜 恵子,1
大澤 純也,山本 忠,1
大澤 純也,櫻井 廣,1
大浦 有実,小金丸 和義,1
大沼 寿洋,後藤(山本) 奈美,1
大河内 基夫,赤尾 綾子,1
大河内 基夫,長尾 敬一,1
大河内 基夫,近藤 恭一,1
大河内 基夫,野口 雅敏,1
大河内 基夫,野本 秀正,1
大河内 基夫,金田 弘挙,1
大河内 基夫,鍵本 佳孝,1
大河内 基夫,鎌田 耕造,1
大河内 基夫,飯村 穰,1
大河内 基夫,鴇田 恵子,1
大河内 基夫,飯野 修一,1
大河内 基夫,馬場 茂,1
大河内 基夫,高尾 享司,1
大河内 基夫,高橋 利郎,1
大河内 基夫,高橋 康次郎,1
大河内 基夫,高橋 順子,1
太田 一良,矢野 幸男,1
太田 一良,石原 和夫,1
安部 康久,高橋 康次郎,1
安部 康久,津田 孝範,1
安部 康久,横森 洋一,1
安部 康久,水品 圭司,1
安部 康久,水津 哲義,1
安部 康久,永井 英雄,1
安部 康久,永見 憲三,1
安部 康久,泉 禄郎,1
安部 康久,浜地 正昭,1
安部 康久,椎木 敏,1
安部 康久,浦野 直人,1
安部 康久,清水 健一,1
安部 康久,清水 文夫,1
安部 康久,清水 理通,1
安部 康久,渋谷 泰子,1
安部 康久,渡辺 正平,1
安部 康久,榛葉 芳夫,1
安部 康久,桑平 秀夫,1
安部 康久,田中 準浩,1
安部 康久,本間 伸夫,1
安部 康久,平田 勤,1
安部 康久,戸塚 昭,1
安部 康久,新村 洋一,1
安部 康久,曽根 秀隆,1
安部 康久,木曾 邦明,1
安部 康久,木村 與司雄,1
安部 康久,本馬 健光,1
安部 康久,栃倉 辰六郎,1
安部 康久,村 清司,1
安部 康久,松井 菊恵,1
安部 康久,松本 邦男,1
安部 康久,林田 晋策,1
安部 康久,柳田 藤治,1
安部 康久,柴田 正人,1
安部 康久,狩野 幸信,1
安部 康久,田中 裕之,1
安部 康久,市川 英治,1
安部 康久,鍵本 佳孝,1
安部 康久,西村 顕,1
安部 康久,赤尾 綾子,1
安部 康久,近藤 恭一,1
安部 康久,野口 雅敏,1
安部 康久,野本 秀正,1
安部 康久,金田 弘挙,1
安部 康久,鎌田 耕造,1
安部 康久,西川 紀男,1
安部 康久,長尾 敬一,1
安部 康久,飯村 穰,1
安部 康久,飯野 修一,1
安部 康久,馬場 茂,1
安部 康久,高尾 享司,1
安部 康久,高橋 利郎,1
安部 康久,西方 君恵,1
安部 康久,藪内 精三,1
安部 康久,田仁 祥信,1
安部 康久,石原 和夫,1
安部 康久,田代 道夫,1
安部 康久,田原 孝嗣,1
安部 康久,田島 和成,1
安部 康久,白石 真奈美,1
安部 康久,矢野 幸男,1
安部 康久,石井 降幸,1
安部 康久,神田 晃敬,1
安部 康久,蓼沼 誠,1
安部 康久,秋山 裕一,1
安部 康久,竹村 成三,1
安部 康久,羽田 輝美,1
安部 康久,舘 博,1
安部 康久,舟橋 章,1
安部 康久,若井 芳則,1
安部 康久,布川 弥太郎,1
安部 康久,川戸 章嗣,1
太田 一良,神田 晃敬,1
太田 一良,高橋 康次郎,1
太田 一良,長尾 敬一,1
太田 一良,飯村 穰,1
太田 一良,飯野 修一,1
太田 一良,馬場 茂,1
太田 一良,高尾 享司,1
太田 一良,高橋 利郎,1
太田 一良,高橋 順子,1
太田 一良,鍵本 佳孝,1
太田 一良,鴇田 恵子,1
奥村 真衣,島田 昌也,1
奥村 真衣,平井 菜未,1
奥村 真衣,早川 享志,1
奥村 真衣,杉山 誠,1
奥村 真衣,正木 和夫,1
太田 一良,鎌田 耕造,1
太田 一良,金田 弘挙,1
奥村 真衣,玉置 尚徳,1
太田 一良,蓼沼 誠,1
太田 一良,秋山 裕一,1
太田 一良,竹村 成三,1
太田 一良,羽田 輝美,1
太田 一良,舘 博,1
太田 一良,舟橋 章,1
太田 一良,若井 芳則,1
太田 一良,藪内 精三,1
太田 一良,野本 秀正,1
太田 一良,西川 紀男,1
太田 一良,西方 君恵,1
太田 一良,西村 顕,1
太田 一良,赤尾 綾子,1
太田 一良,近藤 恭一,1
太田 一良,野口 雅敏,1
奥村 真衣,澤井 美伯,1
奥村 真衣,稲垣 瑞穂,1
安部 康久,川合 菜穂美,1
安部 康久,山下 伸雄,1
安部 康久,小林 有一,1
安部 康久,小泉 幸道,1
安部 康久,小西 康夫,1
安部 康久,小野 章夫,1
安部 康久,小野 美代子,1
安部 康久,尾形 智夫,1
安部 康久,岡崎 直人,1
安部 康久,富田 実,1
安部 康久,岡本 竹己,1
安部 康久,岡田 早苗,1
安部 康久,岩本 将稔,1
安部 康久,岩田 深也,1
安部 康久,岩野 君夫,1
安部 康久,島津 武,1
安部 康久,小林 信也,1
安部 康久,家藤 幸治,1
奥村 真衣,鈴木 徹,1
奥田 徹,福井 正一,1
奥田 将生,小関 卓也,1
奥田 将生,橋爪 克己,1
奥田 将生,米原 由希,1
奥田 将生,荒巻 功,1
奥田 徹,松土 俊秀,1
奥田 徹,矢嶋 端夫,1
好井 久雄,青木 武夫,1
安藤 仁,岸本 憲明,1
姫野 国夫,東江 昭夫,1
宇都宮 仁,山田 修,1
宇都宮 仁,橋口 知一,1
安田 正昭,小金丸 和義,1
安田 正昭,田代 康介,1
安田 正昭,神田 康三,1
吉澤 淑,村 清司,1
吉澤 淑,本間 伸夫,1
佐藤 俊一,竹村 成三,1
吉澤 淑,木村 與司雄,1
内田 雅昭,白石 真奈美,1
内田 雅昭,矢野 幸男,1
内田 雅昭,石井 降幸,1
内田 雅昭,石原 和夫,1
内田 雅昭,神田 晃敬,1
内田 雅昭,秋山 裕一,1
内田 雅昭,竹村 成三,1
内田 雅昭,羽田 輝美,1
内田 雅昭,舘 博,1
内田 雅昭,舟橋 章,1
内田 雅昭,若井 芳則,1
内田 雅昭,蓼沼 誠,1
内田 雅昭,藪内 精三,1
内田 雅昭,西川 紀男,1
内田 雅昭,西方 君恵,1
内田 雅昭,田島 和成,1
内田 雅昭,田原 孝嗣,1
内田 雅昭,田代 道夫,1
内田 雅昭,清水 健一,1
内田 雅昭,永井 英雄,1
内田 雅昭,永見 憲三,1
内田 雅昭,泉 禄郎,1
内田 雅昭,津田 孝範,1
内田 雅昭,浜地 正昭,1
内田 雅昭,浦野 直人,1
内田 雅昭,清水 文夫,1
内田 雅昭,田仁 祥信,1
内田 雅昭,清水 理通,1
内田 雅昭,渋谷 泰子,1
内田 雅昭,渡辺 正平,1
内田 雅昭,狩野 幸信,1
内田 雅昭,田中 準浩,1
内田 雅昭,田中 裕之,1
内田 雅昭,西村 顕,1
内田 雅昭,赤尾 綾子,1
内田 雅昭,近藤 恭一,1
前中 幹興,吉沢 淑,1
冨金原 渉,大西 隆晴,1
冨金原 渉,満生 慎二,1
前中 幹興,北野 一好,1
前中 幹興,原 昌道,1
前中 幹興,友弘 幸男,1
前中 幹興,古井 和久,1
前中 幹興,吉澤 淑,1
冨部 忠篤,産本 弘之,1
前中 幹興,吉田 和司,1
前中 幹興,吹上 禎久,1
前中 幹興,土屋 秀紀,1
前中 幹興,大塚 謙一,1
前中 幹興,大河内 基夫,1
前中 幹興,太田 一良,1
冨金原 渉,大場 孝宏,1
冨部 忠篤,河野 勇人,1
内田 雅昭,野口 雅敏,1
内田 雅昭,飯野 修一,1
内田 雅昭,野本 秀正,1
内田 雅昭,金田 弘挙,1
内田 雅昭,鍵本 佳孝,1
内田 雅昭,鎌田 耕造,1
内田 雅昭,長尾 敬一,1
内田 雅昭,飯村 穰,1
内田 雅昭,馬場 茂,1
冨部 忠篤,姫野 国夫,1
内田 雅昭,高尾 享司,1
内田 雅昭,高橋 利郎,1
内田 雅昭,高橋 康次郎,1
内田 雅昭,高橋 順子,1
内田 雅昭,鴇田 恵子,1
円谷 悦造,太田 美智男,1
内田 雅昭,水津 哲義,1
内田 雅昭,水品 圭司,1
内田 雅昭,横森 洋一,1
内田 雅昭,吹上 禎久,1
内田 雅昭,原 昌道,1
内田 雅昭,友弘 幸男,1
内田 雅昭,古井 和久,1
内田 雅昭,吉沢 淑,1
内田 雅昭,吉澤 淑,1
内田 雅昭,吉田 和司,1
内田 雅昭,土屋 秀紀,1
内田 雅昭,前中 幹興,1
内田 雅昭,大塚 謙一,1
内田 雅昭,大河内 基夫,1
内田 雅昭,太田 一良,1
内田 雅昭,安部 康久,1
内田 雅昭,家藤 幸治,1
内田 雅昭,富田 実,1
内田 雅昭,北野 一好,1
内田 正裕,高山 卓美,1
内田 雅昭,小林 有一,1
内田 みなみ,早川 享志,1
内村 泰,高木 重樹,1
内田 みなみ,吉村 明浩,1
内田 みなみ,向田 潤,1
内田 みなみ,奥村 真衣,1
内田 みなみ,島田 昌也,1
内田 みなみ,平井 菜未,1
内田 みなみ,杉山 誠,1
内田 正裕,大屋敷 春夫,1
内田 みなみ,正木 和夫,1
内田 みなみ,澤井 美伯,1
内田 みなみ,玉置 尚徳,1
内田 みなみ,稲垣 瑞穂,1
内田 みなみ,鈴木 徹,1
内田 正裕,坂井 拓夫,1
内田 雅昭,小林 信也,1
内田 雅昭,小泉 幸道,1
内田 雅昭,榛葉 芳夫,1
内田 雅昭,松井 菊恵,1
内田 雅昭,曽根 秀隆,1
内田 雅昭,木曾 邦明,1
内田 雅昭,木村 與司雄,1
内田 雅昭,本間 伸夫,1
内田 雅昭,本馬 健光,1
内田 雅昭,村 清司,1
内田 雅昭,松本 邦男,1
内田 雅昭,戸塚 昭,1
内田 雅昭,林田 晋策,1
内田 雅昭,柳田 藤治,1
内田 雅昭,柴田 正人,1
内田 雅昭,栃倉 辰六郎,1
内田 雅昭,桑平 秀夫,1
内田 雅昭,椎木 敏,1
内田 雅昭,新村 洋一,1
内田 雅昭,平田 勤,1
内田 雅昭,小西 康夫,1
内田 雅昭,岡田 早苗,1
内田 雅昭,小野 章夫,1
内田 雅昭,小野 美代子,1
内田 雅昭,尾形 智夫,1
内田 雅昭,山下 伸雄,1
内田 雅昭,岡崎 直人,1
内田 雅昭,岡本 竹己,1
内田 雅昭,岩本 将稔,1
内田 雅昭,布川 弥太郎,1
内田 雅昭,岩田 深也,1
内田 雅昭,岩野 君夫,1
内田 雅昭,島津 武,1
内田 雅昭,川合 菜穂美,1
内田 雅昭,川戸 章嗣,1
内田 雅昭,市川 英治,1
前中 幹興,安部 康久,1
前中 幹興,家藤 幸治,1
前中 幹興,富田 実,1
加藤 雅士,吉村 明浩,1
劉 宏芳,後藤(山本) 奈美,1
劉 宏芳,石川 雄章,1
加藤 富民雄,大浦 有実,1
加藤 富民雄,安田 正昭,1
加藤 富民雄,西田 豊彦,1
加藤 雅士,原本 直幸,1
加藤 雅士,家田 明音,1
前中 幹興,鴇田 恵子,1
加藤 雅士,山本 晃司,1
加藤 雅士,志水 元亨,1
加藤 雅士,杉山 信之,1
加藤 雅士,榊原 康彰,1
加藤 雅士,船井 秀哉,1
加藤 雅士,赤尾 健,1
劉 宏芳,岡崎 直人,1
前中 幹興,高橋 順子,1
加藤 麗奈,杉山 洋,1
前中 幹興,鍵本 佳孝,1
前中 幹興,西村 顕,1
前中 幹興,赤尾 綾子,1
前中 幹興,近藤 恭一,1
前中 幹興,野口 雅敏,1
前中 幹興,野本 秀正,1
前中 幹興,金田 弘挙,1
前中 幹興,鎌田 耕造,1
前中 幹興,高橋 康次郎,1
前中 幹興,長尾 敬一,1
前中 幹興,飯村 穰,1
前中 幹興,飯野 修一,1
前中 幹興,馬場 茂,1
前中 幹興,高尾 享司,1
前中 幹興,高橋 利郎,1
加藤 雅士,近藤 徹弥,1
北垣 浩志,北本 勝ひこ,1
前中 幹興,西川 紀男,1
北野 一好,家藤 幸治,1
北野 一好,吹上 禎久,1
北野 一好,土屋 秀紀,1
北野 一好,大塚 謙一,1
北野 一好,大河内 基夫,1
北野 一好,太田 一良,1
北野 一好,安部 康久,1
北野 一好,富田 実,1
北野 一好,吉澤 淑,1
北野 一好,小林 信也,1
北野 一好,小林 有一,1
北野 一好,小泉 幸道,1
北野 一好,小西 康夫,1
北野 一好,小野 章夫,1
北野 一好,小野 美代子,1
北野 一好,吉田 和司,1
北野 一好,吉沢 淑,1
北垣 浩志,山崎 眞狩,1
北本 勝ひこ,峰時 俊貴,1
北岡 篤士,清川 良文,1
北岡 篤士,若井 芳則,1
北岡 篤士,藤原 久志,1
北岡 篤士,髙倉 敏夫,1
北本 勝ひこ,吉沢 淑,1
北本 勝ひこ,山崎 眞狩,1
北本 勝ひこ,木村 和弘,1
北野 一好,古井 和久,1
北本 勝ひこ,福田 潔,1
北本 勝ひこ,高橋 康次郎,1
北條 美佳,小倉 健太郎,1
北條 美佳,門倉 利守,1
北野 一好,原 昌道,1
北野 一好,友弘 幸男,1
前中 幹興,西方 君恵,1
前中 幹興,藪内 精三,1
前中 幹興,小林 信也,1
前中 幹興,本間 伸夫,1
前中 幹興,平田 勤,1
前中 幹興,戸塚 昭,1
前中 幹興,新村 洋一,1
前中 幹興,曽根 秀隆,1
前中 幹興,木曾 邦明,1
前中 幹興,木村 與司雄,1
前中 幹興,本馬 健光,1
前中 幹興,市川 英治,1
前中 幹興,村 清司,1
前中 幹興,松井 菊恵,1
前中 幹興,松本 邦男,1
前中 幹興,林田 晋策,1
前中 幹興,柳田 藤治,1
前中 幹興,柴田 正人,1
前中 幹興,布川 弥太郎,1
前中 幹興,川戸 章嗣,1
前中 幹興,桑平 秀夫,1
前中 幹興,山下 伸雄,1
前中 幹興,小林 有一,1
前中 幹興,小泉 幸道,1
前中 幹興,小西 康夫,1
前中 幹興,小野 章夫,1
前中 幹興,小野 美代子,1
前中 幹興,尾形 智夫,1
前中 幹興,岡崎 直人,1
前中 幹興,川合 菜穂美,1
前中 幹興,岡本 竹己,1
前中 幹興,岡田 早苗,1
前中 幹興,岩本 将稔,1
前中 幹興,岩田 深也,1
前中 幹興,岩野 君夫,1
前中 幹興,島津 武,1
前中 幹興,栃倉 辰六郎,1
前中 幹興,椎木 敏,1
前中 幹興,蓼沼 誠,1
前中 幹興,石原 和夫,1
前中 幹興,田代 道夫,1
前中 幹興,田原 孝嗣,1
前中 幹興,田島 和成,1
前中 幹興,白石 真奈美,1
前中 幹興,矢野 幸男,1
前中 幹興,石井 降幸,1
前中 幹興,神田 晃敬,1
前中 幹興,田中 裕之,1
前中 幹興,秋山 裕一,1
前中 幹興,竹村 成三,1
前中 幹興,羽田 輝美,1
前中 幹興,舘 博,1
前中 幹興,舟橋 章,1
前中 幹興,若井 芳則,1
前中 幹興,田仁 祥信,1
前中 幹興,田中 準浩,1
前中 幹興,榛葉 芳夫,1
前中 幹興,津田 孝範,1
前中 幹興,横森 洋一,1
前中 幹興,水品 圭司,1
前中 幹興,水津 哲義,1
前中 幹興,永井 英雄,1
前中 幹興,永見 憲三,1
前中 幹興,泉 禄郎,1
前中 幹興,浜地 正昭,1
前中 幹興,狩野 幸信,1
前中 幹興,浦野 直人,1
前中 幹興,清水 健一,1
前中 幹興,清水 文夫,1
前中 幹興,清水 理通,1
前中 幹興,渋谷 泰子,1
前中 幹興,渡辺 正平,1
内村 泰,渡辺 堅二,1
内村 泰,村 清司,1
内村 泰,小泉 幸道,1
佐藤 敦,村 清司,1
佐藤 敦,新村 洋一,1
佐藤 敦,曽根 秀隆,1
佐藤 敦,木曾 邦明,1
佐藤 敦,木村 與司雄,1
佐藤 敦,本間 伸夫,1
佐藤 敦,本馬 健光,1
佐藤 敦,松井 菊恵,1
佐藤 敦,平田 勤,1
佐藤 敦,松本 邦男,1
佐藤 敦,林田 晋策,1
佐藤 敦,柳田 藤治,1
佐藤 敦,柴田 正人,1
佐藤 敦,栃倉 辰六郎,1
佐藤 敦,桑平 秀夫,1
佐藤 敦,戸塚 昭,1
佐藤 敦,布川 弥太郎,1
佐藤 敦,榛葉 芳夫,1
佐藤 敦,岡本 竹己,1
佐藤 敦,小西 康夫,1
佐藤 敦,小野 章夫,1
佐藤 敦,小野 美代子,1
佐藤 敦,尾形 智夫,1
佐藤 敦,山下 伸雄,1
佐藤 敦,岡崎 直人,1
佐藤 敦,岡田 早苗,1
佐藤 敦,市川 英治,1
佐藤 敦,岩本 将稔,1
佐藤 敦,岩田 深也,1
佐藤 敦,岩野 君夫,1
佐藤 敦,島津 武,1
佐藤 敦,川合 菜穂美,1
佐藤 敦,川戸 章嗣,1
佐藤 敦,椎木 敏,1
佐藤 敦,横森 洋一,1
佐藤 敦,小林 有一,1
佐藤 敦,秋山 裕一,1
佐藤 敦,田島 和成,1
佐藤 敦,白石 真奈美,1
佐藤 敦,矢野 幸男,1
佐藤 敦,石井 降幸,1
佐藤 敦,石原 和夫,1
佐藤 敦,神田 晃敬,1
佐藤 敦,竹村 成三,1
佐藤 敦,田代 道夫,1
佐藤 敦,羽田 輝美,1
佐藤 敦,舘 博,1
佐藤 敦,舟橋 章,1
佐藤 敦,若井 芳則,1
佐藤 敦,蓼沼 誠,1
佐藤 敦,藪内 精三,1
佐藤 敦,田原 孝嗣,1
佐藤 敦,田仁 祥信,1
佐藤 敦,水品 圭司,1
佐藤 敦,浦野 直人,1
佐藤 敦,水津 哲義,1
佐藤 敦,永井 英雄,1
佐藤 敦,永見 憲三,1
佐藤 敦,泉 禄郎,1
佐藤 敦,津田 孝範,1
佐藤 敦,浜地 正昭,1
佐藤 敦,清水 健一,1
佐藤 敦,田中 裕之,1
佐藤 敦,清水 文夫,1
佐藤 敦,清水 理通,1
佐藤 敦,渋谷 泰子,1
佐藤 敦,渡辺 正平,1
佐藤 敦,狩野 幸信,1
佐藤 敦,田中 準浩,1
佐藤 敦,小泉 幸道,1
佐藤 敦,小林 信也,1
佐藤 敦,西方 君恵,1
佐藤 俊一,高橋 康次郎,1
佐藤 俊一,飯村 穰,1
佐藤 俊一,飯野 修一,1
佐藤 俊一,馬場 茂,1
佐藤 俊一,高宮 義治,1
佐藤 俊一,高尾 享司,1
佐藤 俊一,高橋 利郎,1
佐藤 俊一,高橋 順子,1
佐藤 俊一,鎌田 耕造,1
佐藤 俊一,鴇田 恵子,1
佐藤 勉,岩野 君夫,1
佐藤 勉,志賀 拓也,1
佐藤 勉,高橋 仁,1
佐藤 博,冨金原 渉,1
佐藤 博,大場 孝宏,1
佐藤 俊一,長尾 敬一,1
佐藤 俊一,鍵本 佳孝,1
佐藤 博,満生 慎二,1
佐藤 俊一,西川 紀男,1
佐藤 俊一,羽田 輝美,1
佐藤 俊一,舘 博,1
佐藤 俊一,舟橋 章,1
佐藤 俊一,若井 芳則,1
佐藤 俊一,蓼沼 誠,1
佐藤 俊一,藪内 精三,1
佐藤 俊一,西方 君恵,1
佐藤 俊一,金田 弘挙,1
佐藤 俊一,西村 顕,1
佐藤 俊一,角田 朝子,1
佐藤 俊一,赤尾 綾子,1
佐藤 俊一,近藤 恭一,1
佐藤 俊一,野口 雅敏,1
佐藤 俊一,野本 秀正,1
佐藤 博,大西 隆晴,1
佐藤 友紀,椎名 将平,1
佐藤 敦,富田 実,1
佐藤 敦,吉田 和司,1
佐藤 敦,北野 一好,1
佐藤 敦,原 昌道,1
佐藤 敦,友弘 幸男,1
佐藤 敦,古井 和久,1
佐藤 敦,吉沢 淑,1
佐藤 敦,吉澤 淑,1
佐藤 敦,吹上 禎久,1
佐藤 敦,内田 雅昭,1
佐藤 敦,土屋 秀紀,1
佐藤 敦,大塚 謙一,1
佐藤 敦,大河内 基夫,1
佐藤 敦,太田 一良,1
佐藤 敦,安部 康久,1
佐藤 敦,家藤 幸治,1
佐藤 敦,前中 幹興,1
佐藤 敦,佐藤 正之,1
佐藤 友紀,金古 堅太郎,1
佐藤 和夫,水野 昭博,1
佐藤 友紀,鈴木 浩武,1
佐藤 和夫,岩渕 正文,1
佐藤 和夫,戸塚 堅二郎,1
佐藤 和夫,木崎 康造,1
佐藤 和夫,木曽 邦明,1
佐藤 和夫,武藤 貴史,1
佐藤 和夫,田中 裕三,1
佐藤 圭吾,青木 俊夫,1
佐藤 和夫,相良 沙奈恵,1
佐藤 和夫,赤尾 健,1
佐藤 和夫,高橋 利郎,1
佐藤 圭吾,渡邊 健一,1
佐藤 圭吾,金桶 光起,1
佐藤 圭吾,鍋倉 義仁,1
佐藤 敦,西川 紀男,1
佐藤 敦,西村 顕,1
内村 泰,小崎 道雄,1
佐藤 正之,田原 孝嗣,1
佐藤 正之,渡辺 正平,1
佐藤 正之,狩野 幸信,1
佐藤 正之,田中 準浩,1
佐藤 正之,田中 裕之,1
佐藤 正之,田仁 祥信,1
佐藤 正之,田代 道夫,1
佐藤 正之,田島 和成,1
佐藤 正之,清水 理通,1
佐藤 正之,白石 真奈美,1
佐藤 正之,矢野 幸男,1
佐藤 正之,石井 降幸,1
佐藤 正之,石原 和夫,1
佐藤 正之,神田 晃敬,1
佐藤 正之,秋山 裕一,1
佐藤 正之,渋谷 泰子,1
佐藤 正之,清水 文夫,1
佐藤 正之,羽田 輝美,1
佐藤 正之,水品 圭司,1
佐藤 正之,柴田 正人,1
佐藤 正之,栃倉 辰六郎,1
佐藤 正之,桑平 秀夫,1
佐藤 正之,椎木 敏,1
佐藤 正之,榛葉 芳夫,1
佐藤 正之,横森 洋一,1
佐藤 正之,水津 哲義,1
佐藤 正之,清水 健一,1
佐藤 正之,永井 英雄,1
佐藤 正之,永見 憲三,1
佐藤 正之,泉 禄郎,1
佐藤 正之,津田 孝範,1
佐藤 正之,浜地 正昭,1
佐藤 正之,浦野 直人,1
佐藤 正之,竹村 成三,1
佐藤 正之,舘 博,1
佐藤 正之,林田 晋策,1
佐藤 稔英,米倉 裕一,1
佐藤 正之,高橋 利郎,1
佐藤 正之,高橋 康次郎,1
佐藤 正之,高橋 順子,1
佐藤 正之,鴇田 恵子,1
佐藤 稔英,山口 佑子,1
佐藤 稔英,平野 高広,1
佐藤 稔英,遠山 良,1
佐藤 正之,馬場 茂,1
佐見 学,加藤 麗奈,1
佐見 学,杉山 洋,1
優良きょうかい清酒酵母研究会,周 延,1
優良きょうかい清酒酵母研究会,岡崎 直人,1
優良きょうかい清酒酵母研究会,渡辺 大輔,1
優良きょうかい清酒酵母研究会,赤尾 健,1
佐藤 正之,高尾 享司,1
佐藤 正之,飯野 修一,1
佐藤 正之,舟橋 章,1
佐藤 正之,赤尾 綾子,1
佐藤 正之,若井 芳則,1
佐藤 正之,蓼沼 誠,1
佐藤 正之,藪内 精三,1
佐藤 正之,西川 紀男,1
佐藤 正之,西方 君恵,1
佐藤 正之,西村 顕,1
佐藤 正之,近藤 恭一,1
佐藤 正之,飯村 穰,1
佐藤 正之,野口 雅敏,1
佐藤 正之,野本 秀正,1
佐藤 正之,金田 弘挙,1
佐藤 正之,鍵本 佳孝,1
佐藤 正之,鎌田 耕造,1
佐藤 正之,長尾 敬一,1
佐藤 正之,柳田 藤治,1
佐藤 正之,松本 邦男,1
佐藤 敦,赤尾 綾子,1
佐藤 正之,前中 幹興,1
佐藤 昭仁,布宮 雅昭,1
佐藤 昭仁,松田 義弘,1
佐藤 昭仁,石垣 浩佳,1
佐藤 昭仁,鈴木 弥兵衛,1
佐藤 昭仁,須貝 智,1
佐藤 正之,内田 雅昭,1
佐藤 正之,北野 一好,1
佐藤 昭仁,小島 弥之祐,1
佐藤 正之,原 昌道,1
佐藤 正之,友弘 幸男,1
佐藤 正之,古井 和久,1
佐藤 正之,吉沢 淑,1
佐藤 正之,吉澤 淑,1
佐藤 正之,吉田 和司,1
佐藤 昭仁,小関 敏彦,1
佐藤 昭仁,和田 多聞,1
佐藤 正之,土屋 秀紀,1
佐藤 敦,長尾 敬一,1
佐藤 敦,近藤 恭一,1
佐藤 敦,野口 雅敏,1
佐藤 敦,野本 秀正,1
佐藤 敦,金田 弘挙,1
佐藤 敦,鍵本 佳孝,1
佐藤 敦,鎌田 耕造,1
佐藤 敦,飯村 穰,1
佐藤 敦,鴇田 恵子,1
佐藤 敦,飯野 修一,1
佐藤 敦,馬場 茂,1
佐藤 敦,高尾 享司,1
佐藤 敦,高橋 利郎,1
佐藤 敦,高橋 康次郎,1
佐藤 敦,高橋 順子,1
佐藤 正之,吹上 禎久,1
佐藤 正之,大塚 謙一,1
佐藤 正之,松井 菊恵,1
佐藤 正之,戸塚 昭,1
佐藤 正之,島津 武,1
佐藤 正之,川合 菜穂美,1
佐藤 正之,川戸 章嗣,1
佐藤 正之,市川 英治,1
佐藤 正之,布川 弥太郎,1
佐藤 正之,平田 勤,1
佐藤 正之,新村 洋一,1
佐藤 正之,岩田 深也,1
佐藤 正之,曽根 秀隆,1
佐藤 正之,木曾 邦明,1
佐藤 正之,木村 與司雄,1
佐藤 正之,本間 伸夫,1
佐藤 正之,本馬 健光,1
佐藤 正之,村 清司,1
佐藤 正之,岩野 君夫,1
佐藤 正之,岩本 将稔,1
佐藤 正之,大河内 基夫,1
佐藤 正之,小泉 幸道,1
佐藤 正之,太田 一良,1
佐藤 正之,安部 康久,1
佐藤 正之,家藤 幸治,1
佐藤 正之,富田 実,1
佐藤 正之,小林 信也,1
佐藤 正之,小林 有一,1
佐藤 正之,小西 康夫,1
佐藤 正之,岡田 早苗,1
佐藤 正之,小野 章夫,1
佐藤 正之,小野 美代子,1
佐藤 正之,尾形 智夫,1
佐藤 正之,山下 伸雄,1
佐藤 正之,岡崎 直人,1
佐藤 正之,岡本 竹己,1
北野 一好,尾形 智夫,1
北野 一好,山下 伸雄,1
北野 一好,岡崎 直人,1
古井 和久,西方 君恵,1
古井 和久,舘 博,1
古井 和久,舟橋 章,1
古井 和久,若井 芳則,1
古井 和久,蓼沼 誠,1
古井 和久,藪内 精三,1
古井 和久,西川 紀男,1
古井 和久,西村 顕,1
古井 和久,竹村 成三,1
古井 和久,赤尾 綾子,1
古井 和久,近藤 恭一,1
古井 和久,野口 雅敏,1
古井 和久,野本 秀正,1
古井 和久,金田 弘挙,1
古井 和久,鍵本 佳孝,1
古井 和久,羽田 輝美,1
古井 和久,秋山 裕一,1
古井 和久,長尾 敬一,1
古井 和久,田仁 祥信,1
古井 和久,清水 理通,1
古井 和久,渋谷 泰子,1
古井 和久,渡辺 正平,1
古井 和久,狩野 幸信,1
古井 和久,田中 準浩,1
古井 和久,田中 裕之,1
古井 和久,田代 道夫,1
古井 和久,神田 晃敬,1
古井 和久,田原 孝嗣,1
古井 和久,田島 和成,1
古井 和久,白石 真奈美,1
古井 和久,矢野 幸男,1
古井 和久,石井 降幸,1
古井 和久,石原 和夫,1
古井 和久,鎌田 耕造,1
古井 和久,飯村 穰,1
古井 和久,清水 健一,1
吉村 明浩,澤井 美伯,1
吉村 明浩,志水 元亨,1
吉村 明浩,早川 享志,1
吉村 明浩,杉山 信之,1
吉村 明浩,杉山 誠,1
吉村 明浩,榊原 康彰,1
吉村 明浩,正木 和夫,1
吉村 明浩,玉置 尚徳,1
吉村 明浩,島田 昌也,1
吉村 明浩,稲垣 瑞穂,1
吉村 明浩,船井 秀哉,1
吉村 明浩,赤尾 健,1
吉村 明浩,近藤 徹弥,1
吉村 明浩,鈴木 徹,1
吉村 正裕,大沼 寿洋,1
吉村 明浩,平井 菜未,1
吉村 明浩,山本 晃司,1
古井 和久,飯野 修一,1
古屋 和樹,大場 孝宏,1
古井 和久,馬場 茂,1
古井 和久,高尾 享司,1
古井 和久,高橋 利郎,1
古井 和久,高橋 康次郎,1
古井 和久,高橋 順子,1
古井 和久,鴇田 恵子,1
古屋 和樹,小田 淳史,1
吉村 明浩,家田 明音,1
古屋 和樹,山崎 努,1
古屋 和樹,末永 光,1
古屋 和樹,満生 慎二,1
各国税局間税部鑑定官室,国税庁間税部鑑定企画官室,1
吉村 明浩,向田 潤,1
吉村 明浩,奥村 真衣,1
古井 和久,清水 文夫,1
古井 和久,浦野 直人,1
吉村 正裕,高橋 康次郎,1
古井 和久,小林 信也,1
古井 和久,大塚 謙一,1
古井 和久,大河内 基夫,1
古井 和久,太田 一良,1
古井 和久,安部 康久,1
古井 和久,家藤 幸治,1
古井 和久,富田 実,1
古井 和久,小林 有一,1
古井 和久,吹上 禎久,1
古井 和久,小泉 幸道,1
古井 和久,小西 康夫,1
古井 和久,小野 章夫,1
古井 和久,小野 美代子,1
古井 和久,尾形 智夫,1
古井 和久,山下 伸雄,1
古井 和久,土屋 秀紀,1
古井 和久,吉田 和司,1
古井 和久,岡本 竹己,1
友弘 幸男,飯野 修一,1
友弘 幸男,野本 秀正,1
友弘 幸男,金田 弘挙,1
友弘 幸男,鍵本 佳孝,1
友弘 幸男,鎌田 耕造,1
友弘 幸男,長尾 敬一,1
友弘 幸男,飯村 穰,1
友弘 幸男,馬場 茂,1
古井 和久,吉澤 淑,1
友弘 幸男,高尾 享司,1
友弘 幸男,高橋 利郎,1
友弘 幸男,高橋 康次郎,1
友弘 幸男,高橋 順子,1
友弘 幸男,鴇田 恵子,1
古井 和久,吉沢 淑,1
古井 和久,岡崎 直人,1
古井 和久,岡田 早苗,1
古井 和久,浜地 正昭,1
古井 和久,榛葉 芳夫,1
古井 和久,林田 晋策,1
古井 和久,柳田 藤治,1
古井 和久,柴田 正人,1
古井 和久,栃倉 辰六郎,1
古井 和久,桑平 秀夫,1
古井 和久,椎木 敏,1
古井 和久,横森 洋一,1
古井 和久,松井 菊恵,1
古井 和久,水品 圭司,1
古井 和久,水津 哲義,1
古井 和久,永井 英雄,1
古井 和久,永見 憲三,1
古井 和久,泉 禄郎,1
古井 和久,津田 孝範,1
古井 和久,松本 邦男,1
古井 和久,村 清司,1
古井 和久,岩本 将稔,1
古井 和久,布川 弥太郎,1
古井 和久,岩田 深也,1
古井 和久,岩野 君夫,1
古井 和久,島津 武,1
古井 和久,川合 菜穂美,1
古井 和久,川戸 章嗣,1
古井 和久,市川 英治,1
古井 和久,平田 勤,1
古井 和久,本馬 健光,1
古井 和久,戸塚 昭,1
古井 和久,新村 洋一,1
古井 和久,曽根 秀隆,1
古井 和久,木曾 邦明,1
古井 和久,木村 與司雄,1
古井 和久,本間 伸夫,1
吉村 正裕,後藤(山本) 奈美,1
吉武 正文,森川 貴子,1
友弘 幸男,近藤 恭一,1
吉沢 淑,鎌田 耕造,1
吉沢 淑,近藤 恭一,1
吉沢 淑,進藤 斉,1
吉沢 淑,野口 雅敏,1
吉沢 淑,野本 秀正,1
吉沢 淑,金田 弘挙,1
吉沢 淑,鍵本 佳孝,1
吉沢 淑,長尾 敬一,1
吉沢 淑,角田 潔和,1
吉沢 淑,飯村 穣,1
吉沢 淑,飯村 穰,1
吉沢 淑,飯野 修一,1
吉沢 淑,馬場 茂,1
吉沢 淑,高尾 享司,1
吉沢 淑,高橋 利郎,1
吉沢 淑,赤尾 綾子,1
吉沢 淑,西村 顕,1
吉沢 淑,鴇田 恵子,1
吉沢 淑,竹村 成三,1
吉沢 淑,白石 真奈美,1
吉沢 淑,矢野 幸男,1
吉沢 淑,石井 降幸,1
吉沢 淑,石原 和夫,1
吉沢 淑,神田 晃敬,1
吉沢 淑,秋山 裕一,1
吉沢 淑,羽田 輝美,1
吉沢 淑,西方 君恵,1
吉沢 淑,舘 博,1
吉沢 淑,舟橋 章,1
吉沢 淑,若井 芳則,1
吉沢 淑,蓼沼 誠,1
吉沢 淑,藪内 精三,1
吉沢 淑,西川 紀男,1
吉沢 淑,高橋 順子,1
吉澤 淑,吉田 和司,1
吉沢 淑,田原 孝嗣,1
吉澤 淑,川戸 章嗣,1
吉澤 淑,岩本 将稔,1
吉澤 淑,岩田 深也,1
吉澤 淑,岩野 君夫,1
吉澤 淑,島岡 芳和,1
吉澤 淑,島津 武,1
吉澤 淑,川合 菜穂美,1
吉澤 淑,市川 英治,1
吉澤 淑,岡本 竹己,1
吉澤 淑,布川 弥太郎,1
吉澤 淑,平田 勤,1
吉澤 淑,戸塚 昭,1
吉澤 淑,新村 洋一,1
吉澤 淑,曽根 秀隆,1
吉澤 淑,木曾 邦明,1
吉澤 淑,岡田 早苗,1
吉澤 淑,岡崎 直人,1
吉澤 淑,吹上 禎久,1
吉澤 淑,富田 実,1
吉澤 淑,土屋 秀紀,1
吉澤 淑,大塚 謙一,1
吉澤 淑,大河内 基夫,1
吉澤 淑,太田 一良,1
吉澤 淑,安部 康久,1
吉澤 淑,家藤 幸治,1
吉澤 淑,小林 信也,1
吉澤 淑,山下 伸雄,1
吉澤 淑,小林 有一,1
吉澤 淑,小泉 幸道,1
吉澤 淑,小西 康夫,1
吉澤 淑,小野 章夫,1
吉澤 淑,小野 美代子,1
吉澤 淑,尾形 智夫,1
吉沢 淑,田島 和成,1
吉沢 淑,田代 道夫,1
吉武 正文,渡邊 妙子,1
吉沢 淑,岩本 将稔,1
吉沢 淑,小野 美代子,1
吉沢 淑,尾形 智夫,1
吉沢 淑,山下 伸雄,1
吉沢 淑,岡崎 直人,1
吉沢 淑,岡本 竹己,1
吉沢 淑,岡田 早苗,1
吉沢 淑,岩田 深也,1
吉沢 淑,小西 康夫,1
吉沢 淑,岩野 君夫,1
吉沢 淑,島津 武,1
吉沢 淑,川合 菜穂美,1
吉沢 淑,川戸 章嗣,1
吉沢 淑,市川 英治,1
吉沢 淑,布川 弥太郎,1
吉沢 淑,小野 章夫,1
吉沢 淑,小田 佳緒子,1
吉沢 淑,戸塚 昭,1
吉沢 淑,大河内 基夫,1
吉武 正文,高田 明,1
吉沢 淑,吉澤 淑,1
吉沢 淑,吉田 和司,1
吉沢 淑,吹上 禎久,1
吉沢 淑,土屋 秀紀,1
吉沢 淑,大塚 謙一,1
吉沢 淑,太田 一良,1
吉沢 淑,小泉 武夫,1
吉沢 淑,安部 康久,1
吉沢 淑,家藤 幸治,1
吉沢 淑,富田 実,1
吉沢 淑,小林 信也,1
吉沢 淑,小林 有一,1
吉沢 淑,小泉 幸道,1
吉沢 淑,平田 勤,1
吉沢 淑,新村 洋一,1
吉沢 淑,田仁 祥信,1
吉沢 淑,清水 健一,1
吉沢 淑,永井 英雄,1
吉沢 淑,永見 憲三,1
吉沢 淑,泉 禄郎,1
吉沢 淑,津田 孝範,1
吉沢 淑,浜地 正昭,1
吉沢 淑,浦野 直人,1
吉沢 淑,清水 文夫,1
吉沢 淑,水品 圭司,1
吉沢 淑,清水 理通,1
吉沢 淑,渋谷 泰子,1
吉沢 淑,渡辺 正平,1
吉沢 淑,狩野 幸信,1
吉沢 淑,田中 準浩,1
吉沢 淑,田中 裕之,1
吉沢 淑,水津 哲義,1
吉沢 淑,横森 洋一,1
吉沢 淑,曽根 秀隆,1
吉沢 淑,松井 菊恵,1
吉沢 淑,服部 一成,1
吉沢 淑,木曾 邦明,1
吉沢 淑,木村 與司雄,1
吉沢 淑,本間 伸夫,1
吉沢 淑,本馬 健光,1
吉沢 淑,村 清司,1
吉沢 淑,松本 邦男,1
吉沢 淑,榛葉 芳夫,1
吉沢 淑,林田 晋策,1
吉沢 淑,柳田 藤治,1
吉沢 淑,柴田 正人,1
吉沢 淑,栃倉 辰六郎,1
吉沢 淑,桑平 秀夫,1
吉沢 淑,椎木 敏,1
友弘 幸男,野口 雅敏,1
友弘 幸男,赤尾 綾子,1
北野 一好,岡本 竹己,1
原 昌道,小幡 孝之,1
原 昌道,大塚 謙一,1
原 昌道,大河内 基夫,1
原 昌道,太田 一良,1
原 昌道,安部 康久,1
原 昌道,家藤 幸治,1
原 昌道,富田 実,1
原 昌道,小林 信也,1
原 昌道,吹上 禎久,1
原 昌道,小林 有一,1
原 昌道,小泉 幸道,1
原 昌道,小西 康夫,1
原 昌道,小野 章夫,1
原 昌道,小野 美代子,1
原 昌道,尾形 智夫,1
原 昌道,土屋 秀紀,1
原 昌道,吉田 和司,1
原 昌道,岡崎 直人,1
北野 一好,高橋 順子,1
北野 一好,飯村 穰,1
北野 一好,飯野 修一,1
北野 一好,馬場 茂,1
北野 一好,高尾 享司,1
北野 一好,高橋 利郎,1
北野 一好,高橋 康次郎,1
北野 一好,鴇田 恵子,1
原 昌道,吉澤 淑,1
北野 秀幸,古川 恵司,1
原 崇,城 斗志夫,1
原 崇,城斗 志夫,1
原 崇,栗林 喬,1
原 昌道,友弘 幸男,1
原 昌道,古井 和久,1
原 昌道,山下 伸雄,1
原 昌道,岡本 竹己,1
北野 一好,鎌田 耕造,1
原 昌道,桑平 秀夫,1
原 昌道,松井 菊恵,1
原 昌道,松本 邦男,1
原 昌道,林田 晋策,1
原 昌道,柳田 藤治,1
原 昌道,柴田 正人,1
原 昌道,栃倉 辰六郎,1
原 昌道,椎木 敏,1
原 昌道,本馬 健光,1
原 昌道,榛葉 芳夫,1
原 昌道,横森 洋一,1
原 昌道,水品 圭司,1
原 昌道,水津 哲義,1
原 昌道,永井 英雄,1
原 昌道,永見 憲三,1
原 昌道,村 清司,1
原 昌道,本間 伸夫,1
原 昌道,岡田 早苗,1
原 昌道,市川 英治,1
原 昌道,岩本 将稔,1
原 昌道,岩田 深也,1
原 昌道,岩野 君夫,1
原 昌道,島津 武,1
原 昌道,川合 菜穂美,1
原 昌道,川戸 章嗣,1
原 昌道,布川 弥太郎,1
原 昌道,木村 與司雄,1
原 昌道,平田 勤,1
原 昌道,後藤 邦康,1
原 昌道,戸塚 昭,1
原 昌道,新村 洋一,1
原 昌道,曽根 秀隆,1
原 昌道,木曾 邦明,1
北野 一好,長尾 敬一,1
北野 一好,鍵本 佳孝,1
原 昌道,津田 孝範,1
北野 一好,桑平 秀夫,1
北野 一好,松井 菊恵,1
北野 一好,松本 邦男,1
北野 一好,林田 晋策,1
北野 一好,柳田 藤治,1
北野 一好,柴田 正人,1
北野 一好,栃倉 辰六郎,1
北野 一好,椎木 敏,1
北野 一好,本馬 健光,1
北野 一好,榛葉 芳夫,1
北野 一好,横森 洋一,1
北野 一好,水品 圭司,1
北野 一好,水津 哲義,1
北野 一好,永井 英雄,1
北野 一好,永見 憲三,1
北野 一好,村 清司,1
北野 一好,本間 伸夫,1
北野 一好,津田 孝範,1
北野 一好,川戸 章嗣,1
北野 一好,岡田 早苗,1
北野 一好,岩本 将稔,1
北野 一好,岩田 深也,1
北野 一好,岩野 君夫,1
北野 一好,島津 武,1
北野 一好,川合 菜穂美,1
北野 一好,市川 英治,1
北野 一好,木村 與司雄,1
北野 一好,布川 弥太郎,1
北野 一好,平田 勤,1
北野 一好,戸塚 昭,1
北野 一好,新村 洋一,1
北野 一好,曽根 秀隆,1
北野 一好,木曾 邦明,1
北野 一好,泉 禄郎,1
北野 一好,浜地 正昭,1
北野 一好,金田 弘挙,1
北野 一好,藪内 精三,1
北野 一好,竹村 成三,1
北野 一好,羽田 輝美,1
北野 一好,舘 博,1
北野 一好,舟橋 章,1
北野 一好,若井 芳則,1
北野 一好,蓼沼 誠,1
北野 一好,西川 紀男,1
北野 一好,神田 晃敬,1
北野 一好,西方 君恵,1
北野 一好,西村 顕,1
北野 一好,赤尾 綾子,1
北野 一好,近藤 恭一,1
北野 一好,野口 雅敏,1
北野 一好,野本 秀正,1
北野 一好,秋山 裕一,1
北野 一好,石原 和夫,1
北野 一好,浦野 直人,1
北野 一好,田中 準浩,1
北野 一好,清水 健一,1
北野 一好,清水 文夫,1
北野 一好,清水 理通,1
北野 一好,渋谷 泰子,1
北野 一好,渡辺 正平,1
北野 一好,狩野 幸信,1
北野 一好,田中 裕之,1
北野 一好,石井 降幸,1
北野 一好,田仁 祥信,1
北野 一好,田代 道夫,1
北野 一好,田原 孝嗣,1
北野 一好,田島 和成,1
北野 一好,白石 真奈美,1
北野 一好,矢野 幸男,1
原 昌道,泉 禄郎,1
原 昌道,浜地 正昭,1
友弘 幸男,西村 顕,1
友弘 幸男,村 清司,1
友弘 幸男,新村 洋一,1
友弘 幸男,曽根 秀隆,1
友弘 幸男,木曾 邦明,1
友弘 幸男,木村 與司雄,1
友弘 幸男,本間 伸夫,1
友弘 幸男,本馬 健光,1
友弘 幸男,松井 菊恵,1
友弘 幸男,平田 勤,1
友弘 幸男,松本 邦男,1
友弘 幸男,柳田 藤治,1
友弘 幸男,柴田 正人,1
友弘 幸男,栃倉 辰六郎,1
友弘 幸男,桑平 秀夫,1
友弘 幸男,椎木 敏,1
友弘 幸男,戸塚 昭,1
友弘 幸男,布川 弥太郎,1
友弘 幸男,横森 洋一,1
友弘 幸男,岡本 竹己,1
友弘 幸男,小西 康夫,1
友弘 幸男,小野 章夫,1
友弘 幸男,小野 美代子,1
友弘 幸男,尾形 智夫,1
友弘 幸男,山下 伸雄,1
友弘 幸男,岡崎 直人,1
友弘 幸男,岡田 早苗,1
友弘 幸男,市川 英治,1
友弘 幸男,岩本 将稔,1
友弘 幸男,岩田 深也,1
友弘 幸男,岩野 君夫,1
友弘 幸男,島津 武,1
友弘 幸男,川合 菜穂美,1
友弘 幸男,川戸 章嗣,1
友弘 幸男,榛葉 芳夫,1
友弘 幸男,水品 圭司,1
友弘 幸男,小林 有一,1
友弘 幸男,羽田 輝美,1
友弘 幸男,矢野 幸男,1
友弘 幸男,石井 降幸,1
友弘 幸男,石原 和夫,1
友弘 幸男,神田 晃敬,1
友弘 幸男,秋山 裕一,1
友弘 幸男,竹村 成三,1
友弘 幸男,舘 博,1
友弘 幸男,田島 和成,1
友弘 幸男,舟橋 章,1
友弘 幸男,若井 芳則,1
友弘 幸男,蓼沼 誠,1
友弘 幸男,藪内 精三,1
友弘 幸男,西川 紀男,1
友弘 幸男,西方 君恵,1
友弘 幸男,白石 真奈美,1
友弘 幸男,田原 孝嗣,1
友弘 幸男,水津 哲義,1
友弘 幸男,清水 健一,1
友弘 幸男,永井 英雄,1
友弘 幸男,永見 憲三,1
友弘 幸男,泉 禄郎,1
友弘 幸男,津田 孝範,1
友弘 幸男,浜地 正昭,1
友弘 幸男,浦野 直人,1
友弘 幸男,清水 文夫,1
友弘 幸男,田代 道夫,1
友弘 幸男,清水 理通,1
友弘 幸男,渋谷 泰子,1
友弘 幸男,渡辺 正平,1
友弘 幸男,狩野 幸信,1
友弘 幸男,田中 準浩,1
友弘 幸男,田中 裕之,1
友弘 幸男,小泉 幸道,1
友弘 幸男,小林 信也,1
原 昌道,浦野 直人,1
原 昌道,蓼沼 誠,1
原 昌道,竹村 成三,1
原 昌道,羽田 輝美,1
原 昌道,舘 博,1
原 昌道,舟橋 章,1
原 昌道,若井 芳則,1
原 昌道,蓮尾 徹夫,1
原 昌道,藪内 精三,1
原 昌道,神田 晃敬,1
原 昌道,西川 紀男,1
原 昌道,西方 君恵,1
原 昌道,西村 顕,1
原 昌道,赤尾 綾子,1
原 昌道,近藤 恭一,1
原 昌道,野口 雅敏,1
原 昌道,秋山 裕一,1
原 昌道,石原 和夫,1
原 昌道,金田 弘挙,1
原 昌道,田中 準浩,1
原 昌道,清水 健一,1
原 昌道,清水 文夫,1
原 昌道,清水 理通,1
原 昌道,渋谷 泰子,1
原 昌道,渡辺 正平,1
原 昌道,狩野 幸信,1
原 昌道,田中 裕之,1
原 昌道,石井 降幸,1
原 昌道,田仁 祥信,1
原 昌道,田代 道夫,1
原 昌道,田原 孝嗣,1
原 昌道,田島 和成,1
原 昌道,白石 真奈美,1
原 昌道,矢野 幸男,1
原 昌道,野本 秀正,1
原 昌道,鍵本 佳孝,1
友弘 幸男,富田 実,1
友弘 幸男,吉田 和司,1
原本 直幸,船井 秀哉,1
原本 直幸,赤尾 健,1
原本 直幸,近藤 徹弥,1
友弘 幸男,古井 和久,1
友弘 幸男,吉沢 淑,1
友弘 幸男,吉澤 淑,1
友弘 幸男,吹上 禎久,1
原本 直幸,杉山 信之,1
友弘 幸男,土屋 秀紀,1
友弘 幸男,大塚 謙一,1
友弘 幸男,大河内 基夫,1
友弘 幸男,安部 康久,1
友弘 幸男,宮田 章,1
友弘 幸男,家藤 幸治,1
原本 直幸,榊原 康彰,1
原本 直幸,志水 元亨,1
原 昌道,鎌田 耕造,1
原 昌道,高橋 利郎,1
原 昌道,長尾 敬一,1
原 昌道,飯村 穣,1
原 昌道,飯村 穰,1
原 昌道,飯野 修一,1
原 昌道,馬場 茂,1
原 昌道,高尾 享司,1
原 昌道,高橋 康次郎,1
原本 直幸,山本 晃司,1
原 昌道,高橋 順子,1
原 昌道,鴇田 恵子,1
原島 俊,山崎 豊彦,1
原島 俊,金子 嘉信,1
原本 直幸,吉村 明浩,1
原本 直幸,家田 明音,1
高田 清文,齋藤 浩,1
